image,estado,tarea,horas
M204933/M204933001.jpg,sano,nada,0.0
M204933/M204933002.jpg,sano,nada,0.0
M204933/M204933003.jpg,no_visible,nada,0.0
M204933/M204933004.jpg,no_visible,nada,0.0
M204933/M204933005.jpg,no_visible,nada,0.0
M204933/M204933008.jpg,sano,nada,0.0
M245982/M245982001.jpg,no_visible,nada,0.0
M245982/M245982002.jpg,no_visible,nada,0.0
M245982/M245982003.jpg,sano,nada,0.0
M245982/M245982004.jpg,sano,nada,0.0
M245997/M245997001.jpg,sano,nada,0.0
M245997/M245997002.jpg,sano,nada,0.0
M245997/M245997003.jpg,no_visible,nada,0.0
M245997/M245997004.jpg,no_visible,nada,0.0
M275046/M275046002.jpg,roto,Sustituir,1.0
M275046/M275046003.jpg,roto,Sustituir,1.0
M275046/M275046004.jpg,no_visible,nada,0.0
M275046/M275046005.jpg,no_visible,nada,0.0
M275053/M275053001.jpg,no_visible,nada,0.0
M275053/M275053002.jpg,no_visible,nada,0.0
M275053/M275053003.jpg,sano,nada,0.0
M275053/M275053004.jpg,sano,nada,0.0
M275054/M275054002.jpg,roto,Sustituir,1.0
M275054/M275054003.jpg,roto,Sustituir,1.0
M275054/M275054004.jpg,no_visible,nada,0.0
M275054/M275054005.jpg,no_visible,nada,0.0
M275054/M275054006.jpg,roto,Sustituir,1.0
M275054/M275054007.jpg,roto,Sustituir,1.0
M275062/M275062001.jpg,sano,nada,0.0
M275062/M275062002.jpg,sano,nada,0.0
M275062/M275062003.jpg,no_visible,nada,0.0
M275062/M275062004.jpg,no_visible,nada,0.0
M275070/M275070003.jpg,no_visible,nada,0.0
M275070/M275070004.jpg,no_visible,nada,0.0
M275070/M275070005.jpg,sano,nada,0.0
M275070/M275070006.jpg,no_visible,nada,0.0
M275105/M275105003.jpg,no_visible,nada,0.0
M275105/M275105004.jpg,sano,nada,0.0
M275133/M275133001.jpg,sano,nada,0.0
M275133/M275133002.jpg,sano,nada,0.0
M275133/M275133003.jpg,no_visible,nada,0.0
M275133/M275133004.jpg,no_visible,nada,0.0
M275169/M275169002.jpg,sano,nada,0.0
M275198/M275198001.jpg,sano,nada,0.0
M275198/M275198002.jpg,sano,nada,0.0
M275198/M275198003.jpg,no_visible,nada,0.0
M275198/M275198004.jpg,no_visible,nada,0.0
M275205/M275205001.jpg,roto,Sustituir,1.0
M275205/M275205002.jpg,roto,Sustituir,1.0
M275205/M275205003.jpg,no_visible,nada,0.0
M275205/M275205004.jpg,no_visible,nada,0.0
M275257/M275257001.jpg,no_visible,nada,0.0
M275257/M275257002.jpg,no_visible,nada,0.0
M275257/M275257004.jpg,sano,nada,0.0
M275268/M275268001.jpg,sano,nada,0.0
M275268/M275268002.jpg,sano,nada,0.0
M275268/M275268003.jpg,no_visible,nada,0.0
M275268/M275268004.jpg,no_visible,nada,0.0
M275275/M275275001.jpg,sano,nada,0.0
M275275/M275275002.jpg,sano,nada,0.0
M275275/M275275003.jpg,no_visible,nada,0.0
M275275/M275275004.jpg,no_visible,nada,0.0
M275275/M275275005.jpg,no_visible,nada,0.0
M275291/M275291001.jpg,roto,Reparar,3.0
M275291/M275291002.jpg,roto,Reparar,3.0
M275291/M275291003.jpg,no_visible,nada,0.0
M275291/M275291004.jpg,no_visible,nada,0.0
M275293/M275293002.jpg,no_visible,nada,0.0
M275293/M275293003.jpg,no_visible,nada,0.0
M275293/M275293004.jpg,sano,nada,0.0
M275318/M275318001.jpg,no_visible,nada,0.0
M275318/M275318002.jpg,no_visible,nada,0.0
M275318/M275318003.jpg,sano,nada,0.0
M275318/M275318004.jpg,sano,nada,0.0
M275445/M275445001.jpg,no_visible,nada,0.0
M275445/M275445002.jpg,no_visible,nada,0.0
M275445/M275445003.jpg,sano,nada,0.0
M275445/M275445004.jpg,no_visible,nada,0.0
M275464/M275464001.jpg,sano,nada,0.0
M275464/M275464002.jpg,no_visible,nada,0.0
M275464/M275464003.jpg,no_visible,nada,0.0
M275464/M275464004.jpg,sano,nada,0.0
M275492/M275492001.jpg,no_visible,nada,0.0
M275492/M275492002.jpg,no_visible,nada,0.0
M275492/M275492003.jpg,sano,nada,0.0
M275492/M275492004.jpg,sano,nada,0.0
M275495/M275495002.jpg,no_visible,nada,0.0
M275495/M275495003.jpg,no_visible,nada,0.0
M275495/M275495004.jpg,sano,nada,0.0
M292721/M292721001.jpg,roto,Sustituir,1.0
M292721/M292721003.jpg,roto,Sustituir,1.0
M292721/M292721004.jpg,no_visible,nada,0.0
M292721/M292721005.jpg,no_visible,nada,0.0
M292729/M292729001.jpg,roto,Reparar,3.0
M292729/M292729002.jpg,no_visible,nada,0.0
M292729/M292729004.jpg,roto,Reparar,3.0
M292729/M292729005.jpg,roto,Reparar,3.0
M292737/M292737001.jpg,roto,Reparar,4.0
M292737/M292737002.jpg,roto,Reparar,4.0
M292737/M292737003.jpg,no_visible,nada,0.0
M292737/M292737004.jpg,no_visible,nada,0.0
M292776/M292776001.jpg,sano,nada,0.0
M292776/M292776002.jpg,sano,nada,0.0
M292776/M292776003.jpg,no_visible,nada,0.0
M292776/M292776004.jpg,no_visible,nada,0.0
M292776/M292776009.jpg,no_visible,nada,0.0
M292782/M292782001.jpg,no_visible,nada,0.0
M292782/M292782002.jpg,no_visible,nada,0.0
M292782/M292782003.jpg,sano,nada,0.0
M292784/M292784001.jpg,no_visible,nada,0.0
M292784/M292784004.jpg,sano,nada,0.0
M292795/M292795001.jpg,no_visible,nada,0.0
M292817/M292817001.jpg,no_visible,nada,0.0
M292817/M292817002.jpg,no_visible,nada,0.0
M292817/M292817003.jpg,no_visible,nada,0.0
M292817/M292817004.jpg,roto,Sustituir,1.0
M292822/M292822001.jpg,no_visible,nada,0.0
M292822/M292822002.jpg,no_visible,nada,0.0
M292822/M292822003.jpg,sano,nada,0.0
M297280/M297280001.jpg,no_visible,nada,0.0
M297280/M297280002.jpg,no_visible,nada,0.0
M297280/M297280004.jpg,sano,nada,0.0
M297280/M297280005.jpg,sano,nada,0.0
M297280/M297280007.jpg,sano,nada,0.0
M297280/M297280011.jpg,no_visible,nada,0.0
M297280/M297280012.jpg,no_visible,nada,0.0
M299494/M299494001.jpg,no_visible,nada,0.0
M299494/M299494003.jpg,no_visible,nada,0.0
M299494/M299494005.jpg,no_visible,nada,0.0
M299494/M299494006.jpg,sano,nada,0.0
M299494/M299494007.jpg,sano,nada,0.0
M300073/M300073001.jpg,no_visible,nada,0.0
M300073/M300073002.jpg,no_visible,nada,0.0
M300073/M300073003.jpg,sano,nada,0.0
M300073/M300073004.jpg,sano,nada,0.0
M300763/M300763002.jpg,no_visible,nada,0.0
M300763/M300763003.jpg,no_visible,nada,0.0
M300763/M300763007.jpg,sano,nada,0.0
M300763/M300763008.jpg,sano,nada,0.0
M300763/M300763010.jpg,no_visible,nada,0.0
M301783/M301783001.jpg,sano,nada,0.0
M301783/M301783002.jpg,sano,nada,0.0
M301783/M301783004.jpg,no_visible,nada,0.0
M301783/M301783005.jpg,no_visible,nada,0.0
M301790/M301790001.jpg,no_visible,nada,0.0
M301790/M301790004.jpg,no_visible,nada,0.0
M301790/M301790006.jpg,sano,nada,0.0
M301790/M301790007.jpg,sano,nada,0.0
M301976/M301976001.jpg,no_visible,nada,0.0
M301976/M301976003.jpg,no_visible,nada,0.0
M301976/M301976004.jpg,sano,nada,0.0
M301976/M301976006.jpg,sano,nada,0.0
M302399/M302399002.jpg,no_visible,nada,0.0
M302399/M302399003.jpg,sano,nada,0.0
M302399/M302399004.jpg,sano,nada,0.0
M302574/M302574001.jpg,no_visible,nada,0.0
M302574/M302574002.jpg,no_visible,nada,0.0
M302574/M302574003.jpg,sano,nada,0.0
M302574/M302574004.jpg,sano,nada,0.0
M302857/M302857001.jpg,no_visible,nada,0.0
M302857/M302857004.jpg,sano,nada,0.0
M302857/M302857005.jpg,sano,nada,0.0
M302960/M302960001.jpg,no_visible,nada,0.0
M302960/M302960002.jpg,no_visible,nada,0.0
M302960/M302960004.jpg,sano,nada,0.0
M302960/M302960005.jpg,sano,nada,0.0
M302960/M302960006.jpg,sano,nada,0.0
M302960/M302960007.jpg,no_visible,nada,0.0
M302960/M302960008.jpg,sano,nada,0.0
M302960/M302960009.jpg,sano,nada,0.0
M302960/M302960011.jpg,no_visible,nada,0.0
M302960/M302960012.jpg,no_visible,nada,0.0
M303040/M303040001.jpg,sano,nada,0.0
M303040/M303040002.jpg,sano,nada,0.0
M303040/M303040003.jpg,sano,nada,0.0
M303040/M303040004.jpg,no_visible,nada,0.0
M303040/M303040005.jpg,no_visible,nada,0.0
M303109/M303109001.jpg,sano,nada,0.0
M303109/M303109002.jpg,sano,nada,0.0
M303109/M303109003.jpg,no_visible,nada,0.0
M303109/M303109004.jpg,no_visible,nada,0.0
M303114/M303114001.jpg,no_visible,nada,0.0
M303114/M303114003.jpg,no_visible,nada,0.0
M303114/M303114005.jpg,sano,nada,0.0
M303118/M303118001.jpg,roto,Sustituir,1.0
M303118/M303118002.jpg,roto,Sustituir,1.0
M303118/M303118003.jpg,roto,Sustituir,1.0
M303118/M303118004.jpg,no_visible,nada,0.0
M303118/M303118005.jpg,no_visible,nada,0.0
M303118/M303118006.jpg,no_visible,nada,0.0
M303118/M303118007.jpg,no_visible,nada,0.0
M303119/M303119001.jpg,roto,Reparar,2.0
M303119/M303119002.jpg,roto,Reparar,2.0
M303119/M303119003.jpg,no_visible,nada,0.0
M303119/M303119005.jpg,roto,Reparar,2.0
M303119/M303119006.jpg,roto,Reparar,2.0
M303119/M303119007.jpg,no_visible,nada,0.0
M303119/M303119008.jpg,no_visible,nada,0.0
M303149/M303149001.jpg,no_visible,nada,0.0
M303149/M303149002.jpg,no_visible,nada,0.0
M303149/M303149003.jpg,no_visible,nada,0.0
M303149/M303149004.jpg,no_visible,nada,0.0
M303149/M303149005.jpg,roto,Reparar,2.0
M303149/M303149006.jpg,roto,Reparar,2.0
M303149/M303149008.jpg,no_visible,nada,0.0
M303149/M303149009.jpg,roto,Reparar,2.0
M303149/M303149011.jpg,roto,Reparar,2.0
M303154/M303154001.jpg,no_visible,nada,0.0
M303154/M303154003.jpg,sano,nada,0.0
M303154/M303154004.jpg,sano,nada,0.0
M303154/M303154005.jpg,no_visible,nada,0.0
M303154/M303154008.jpg,sano,nada,0.0
M303166/M303166001.jpg,no_visible,nada,0.0
M303166/M303166002.jpg,no_visible,nada,0.0
M303166/M303166003.jpg,sano,nada,0.0
M303166/M303166004.jpg,sano,nada,0.0
M303166/M303166005.jpg,sano,nada,0.0
M303166/M303166006.jpg,no_visible,nada,0.0
M303166/M303166007.jpg,no_visible,nada,0.0
M303167/M303167001.jpg,sano,nada,0.0
M303167/M303167003.jpg,sano,nada,0.0
M303167/M303167004.jpg,no_visible,nada,0.0
M303167/M303167005.jpg,no_visible,nada,0.0
M303171/M303171002.jpg,no_visible,nada,0.0
M303171/M303171003.jpg,no_visible,nada,0.0
M303171/M303171004.jpg,sano,nada,0.0
M303171/M303171005.jpg,sano,nada,0.0
M303234/M303234001.jpg,sano,nada,0.0
M303234/M303234004.jpg,no_visible,nada,0.0
M303234/M303234005.jpg,no_visible,nada,0.0
M303234/M303234006.jpg,sano,nada,0.0
M303236/M303236001.jpg,roto,Sustituir,1.0
M303236/M303236002.jpg,roto,Sustituir,1.0
M303236/M303236003.jpg,roto,Sustituir,1.0
M303236/M303236004.jpg,no_visible,nada,0.0
M303236/M303236005.jpg,no_visible,nada,0.0
M303245/M303245001.jpg,no_visible,nada,0.0
M303245/M303245004.jpg,roto,Reparar,2.0
M303245/M303245009.jpg,no_visible,nada,0.0
M303283/M303283001.jpg,no_visible,nada,0.0
M303283/M303283003.jpg,no_visible,nada,0.0
M303283/M303283004.jpg,sano,nada,0.0
M303283/M303283005.jpg,sano,nada,0.0
M303301/M303301001.jpg,roto,Sustituir,1.0
M303301/M303301002.jpg,roto,Sustituir,1.0
M303301/M303301003.jpg,no_visible,nada,0.0
M303301/M303301004.jpg,no_visible,nada,0.0
M303357/M303357001.jpg,no_visible,nada,0.0
M303357/M303357002.jpg,no_visible,nada,0.0
M303357/M303357003.jpg,roto,Reparar,4.0
M303357/M303357004.jpg,roto,Reparar,4.0
M303357/M303357005.jpg,roto,Reparar,4.0
M303426/M303426001.jpg,roto,Reparar,4.0
M303426/M303426002.jpg,no_visible,nada,0.0
M303426/M303426003.jpg,no_visible,nada,0.0
M303426/M303426004.jpg,roto,Reparar,4.0
M303426/M303426006.jpg,no_visible,nada,0.0
M303429/M303429001.jpg,no_visible,nada,0.0
M303429/M303429002.jpg,no_visible,nada,0.0
M303429/M303429003.jpg,no_visible,nada,0.0
M303429/M303429004.jpg,sano,nada,0.0
M303429/M303429005.jpg,no_visible,nada,0.0
M303454/M303454001.jpg,no_visible,nada,0.0
M303454/M303454002.jpg,no_visible,nada,0.0
M303454/M303454003.jpg,no_visible,nada,0.0
M303510/M303510001.jpg,no_visible,nada,0.0
M303510/M303510003.jpg,roto,Sustituir,1.0
M303510/M303510004.jpg,roto,Sustituir,1.0
M303510/M303510007.jpg,no_visible,nada,0.0
M303510/M303510008.jpg,no_visible,nada,0.0
M303510/M303510009.jpg,roto,Sustituir,1.0
M303510/M303510010.jpg,roto,Sustituir,1.0
M303516/M303516001.jpg,no_visible,nada,0.0
M303516/M303516002.jpg,no_visible,nada,0.0
M303516/M303516003.jpg,sano,nada,0.0
M303516/M303516004.jpg,sano,nada,0.0
M303531/M303531004.jpg,roto,Sustituir,0.0
M303531/M303531005.jpg,roto,Sustituir,0.0
M303531/M303531006.jpg,no_visible,nada,0.0
M303531/M303531007.jpg,no_visible,nada,0.0
M303534/M303534001.jpg,roto,Reparar,5.0
M303534/M303534002.jpg,roto,Reparar,5.0
M303534/M303534003.jpg,no_visible,nada,0.0
M303534/M303534004.jpg,no_visible,nada,0.0
M303553/M303553002.jpg,roto,Sustituir,1.0
M303553/M303553003.jpg,roto,Sustituir,1.0
M303553/M303553004.jpg,no_visible,nada,0.0
M303553/M303553005.jpg,no_visible,nada,0.0
M303558/M303558002.jpg,no_visible,nada,0.0
M303558/M303558003.jpg,sano,nada,0.0
M303558/M303558004.jpg,sano,nada,0.0
M303560/M303560001.jpg,no_visible,nada,0.0
M303560/M303560002.jpg,no_visible,nada,0.0
M303560/M303560003.jpg,sano,nada,0.0
M303560/M303560004.jpg,sano,nada,0.0
M303560/M303560007.jpg,no_visible,nada,0.0
M303560/M303560008.jpg,sano,nada,0.0
M303560/M303560009.jpg,no_visible,nada,0.0
M303560/M303560010.jpg,no_visible,nada,0.0
M303583/M303583001.jpg,sano,nada,0.0
M303583/M303583002.jpg,sano,nada,0.0
M303583/M303583003.jpg,no_visible,nada,0.0
M303583/M303583004.jpg,no_visible,nada,0.0
M303595/M303595001.jpg,roto,Reparar,4.0
M303595/M303595002.jpg,roto,Reparar,4.0
M303595/M303595003.jpg,no_visible,nada,0.0
M303595/M303595004.jpg,no_visible,nada,0.0
M303609/M303609001.jpg,roto,Reparar,3.0
M303609/M303609002.jpg,roto,Reparar,3.0
M303609/M303609003.jpg,no_visible,nada,0.0
M303609/M303609004.jpg,no_visible,nada,0.0
M303609/M303609009.jpg,roto,Reparar,3.0
M303609/M303609010.jpg,roto,Reparar,3.0
M303609/M303609011.jpg,no_visible,nada,0.0
M303609/M303609012.jpg,no_visible,nada,0.0
M303610/M303610001.jpg,roto,Sustituir,1.0
M303610/M303610002.jpg,roto,Sustituir,1.0
M303610/M303610003.jpg,no_visible,nada,0.0
M303610/M303610004.jpg,no_visible,nada,0.0
M303635/M303635001.jpg,sano,nada,0.0
M303635/M303635002.jpg,sano,nada,0.0
M303635/M303635003.jpg,no_visible,nada,0.0
M303635/M303635004.jpg,no_visible,nada,0.0
M303636/M303636002.jpg,sano,nada,0.0
M303636/M303636003.jpg,no_visible,nada,0.0
M303636/M303636004.jpg,no_visible,nada,0.0
M303636/M303636006.jpg,sano,nada,0.0
M303647/M303647001.jpg,roto,Reparar,3.0
M303647/M303647004.jpg,no_visible,nada,0.0
M303660/M303660001.jpg,sano,nada,0.0
M303660/M303660002.jpg,sano,nada,0.0
M303660/M303660003.jpg,no_visible,nada,0.0
M303660/M303660004.jpg,no_visible,nada,0.0
M303709/M303709001.jpg,sano,nada,0.0
M303709/M303709002.jpg,no_visible,nada,0.0
M303709/M303709003.jpg,no_visible,nada,0.0
M303709/M303709004.jpg,sano,nada,0.0
M303766/M303766001.jpg,no_visible,nada,0.0
M303766/M303766002.jpg,sano,nada,0.0
M303766/M303766003.jpg,sano,nada,0.0
M303766/M303766004.jpg,no_visible,nada,0.0
M303768/M303768001.jpg,no_visible,nada,0.0
M303768/M303768002.jpg,no_visible,nada,0.0
M303768/M303768003.jpg,roto,Reparar,2.0
M303768/M303768004.jpg,roto,Reparar,2.0
M303768/M303768005.jpg,roto,Reparar,2.0
M303768/M303768014.jpg,no_visible,nada,0.0
M303772/M303772001.jpg,no_visible,nada,0.0
M303772/M303772002.jpg,no_visible,nada,0.0
M303772/M303772003.jpg,roto,Reparar,5.0
M303772/M303772004.jpg,roto,Reparar,5.0
M303781/M303781001.jpg,sano,nada,0.0
M303781/M303781002.jpg,sano,nada,0.0
M303781/M303781003.jpg,no_visible,nada,0.0
M303781/M303781004.jpg,no_visible,nada,0.0
M303781/M303781006.jpg,no_visible,nada,0.0
M303793/M303793002.jpg,roto,Reparar,5.0
M303793/M303793003.jpg,roto,Reparar,5.0
M303793/M303793004.jpg,no_visible,nada,0.0
M303793/M303793005.jpg,no_visible,nada,0.0
M303794/M303794001.jpg,sano,nada,0.0
M303794/M303794002.jpg,sano,nada,0.0
M303794/M303794003.jpg,no_visible,nada,0.0
M303794/M303794004.jpg,no_visible,nada,0.0
M303796/M303796002.jpg,sano,nada,0.0
M303796/M303796003.jpg,sano,nada,0.0
M303796/M303796004.jpg,no_visible,nada,0.0
M303796/M303796005.jpg,no_visible,nada,0.0
M303804/M303804002.jpg,roto,Sustituir,1.0
M303804/M303804003.jpg,roto,Sustituir,1.0
M303804/M303804004.jpg,no_visible,nada,0.0
M303804/M303804005.jpg,no_visible,nada,0.0
M303804/M303804007.jpg,roto,Sustituir,1.0
M303804/M303804008.jpg,roto,Sustituir,1.0
M303804/M303804009.jpg,no_visible,nada,0.0
M303804/M303804010.jpg,no_visible,nada,0.0
M303826/M303826002.jpg,sano,nada,0.0
M303826/M303826003.jpg,sano,nada,0.0
M303826/M303826004.jpg,no_visible,nada,0.0
M303826/M303826005.jpg,no_visible,nada,0.0
M303829/M303829001.jpg,no_visible,nada,0.0
M303829/M303829002.jpg,no_visible,nada,0.0
M303829/M303829003.jpg,sano,nada,0.0
M303829/M303829004.jpg,sano,nada,0.0
M303832/M303832002.jpg,no_visible,nada,0.0
M303832/M303832003.jpg,sano,nada,0.0
M303832/M303832004.jpg,sano,nada,0.0
M303832/M303832005.jpg,no_visible,nada,0.0
M303847/M303847001.jpg,no_visible,nada,0.0
M303847/M303847002.jpg,no_visible,nada,0.0
M303847/M303847003.jpg,sano,nada,0.0
M303847/M303847004.jpg,sano,nada,0.0
M303847/M303847006.jpg,sano,nada,0.0
M303847/M303847007.jpg,sano,nada,0.0
M303847/M303847008.jpg,no_visible,nada,0.0
M303847/M303847009.jpg,no_visible,nada,0.0
M303850/M303850001.jpg,sano,nada,0.0
M303850/M303850002.jpg,no_visible,nada,0.0
M303850/M303850003.jpg,no_visible,nada,0.0
M303850/M303850004.jpg,sano,nada,0.0
M303854/M303854002.jpg,sano,nada,0.0
M303854/M303854003.jpg,sano,nada,0.0
M303854/M303854004.jpg,no_visible,nada,0.0
M303854/M303854005.jpg,no_visible,nada,0.0
M303854/M303854006.jpg,no_visible,nada,0.0
M303854/M303854007.jpg,no_visible,nada,0.0
M303854/M303854008.jpg,no_visible,nada,0.0
M303859/M303859001.jpg,sano,nada,0.0
M303859/M303859003.jpg,sano,nada,0.0
M303859/M303859004.jpg,no_visible,nada,0.0
M303859/M303859005.jpg,no_visible,nada,0.0
M303859/M303859006.jpg,no_visible,nada,0.0
M303864/M303864001.jpg,no_visible,nada,0.0
M303864/M303864002.jpg,no_visible,nada,0.0
M303864/M303864003.jpg,no_visible,nada,0.0
M303864/M303864004.jpg,no_visible,nada,0.0
M303864/M303864005.jpg,roto,Reparar,4.0
M303864/M303864006.jpg,roto,Reparar,4.0
M303865/M303865001.jpg,sano,nada,0.0
M303865/M303865002.jpg,sano,nada,0.0
M303865/M303865003.jpg,no_visible,nada,0.0
M303865/M303865004.jpg,no_visible,nada,0.0
M303865/M303865005.jpg,no_visible,nada,0.0
M303868/M303868001.jpg,sano,nada,0.0
M303868/M303868002.jpg,sano,nada,0.0
M303868/M303868003.jpg,no_visible,nada,0.0
M303868/M303868004.jpg,no_visible,nada,0.0
M303868/M303868005.jpg,no_visible,nada,0.0
M303870/M303870001.jpg,roto,Sustituir,1.0
M303870/M303870003.jpg,no_visible,nada,0.0
M303870/M303870004.jpg,no_visible,nada,0.0
M303884/M303884002.jpg,sano,nada,0.0
M303884/M303884003.jpg,sano,nada,0.0
M303884/M303884004.jpg,no_visible,nada,0.0
M303884/M303884005.jpg,no_visible,nada,0.0
M303885/M303885002.jpg,sano,nada,0.0
M303885/M303885003.jpg,no_visible,nada,0.0
M303885/M303885004.jpg,no_visible,nada,0.0
M303885/M303885005.jpg,no_visible,nada,0.0
M303885/M303885007.jpg,sano,nada,0.0
M303887/M303887002.jpg,no_visible,nada,0.0
M303887/M303887003.jpg,no_visible,nada,0.0
M303887/M303887004.jpg,no_visible,nada,0.0
M303889/M303889001.jpg,sano,nada,0.0
M303889/M303889002.jpg,sano,nada,0.0
M303889/M303889003.jpg,no_visible,nada,0.0
M303889/M303889004.jpg,no_visible,nada,0.0
M303889/M303889005.jpg,no_visible,nada,0.0
M303890/M303890001.jpg,sano,nada,0.0
M303890/M303890003.jpg,no_visible,nada,0.0
M303890/M303890004.jpg,sano,nada,0.0
M303890/M303890007.jpg,no_visible,nada,0.0
M303894/M303894001.jpg,no_visible,nada,0.0
M303894/M303894002.jpg,no_visible,nada,0.0
M303894/M303894003.jpg,roto,Sustituir,1.0
M303894/M303894004.jpg,roto,Sustituir,1.0
M303897/M303897001.jpg,sano,nada,0.0
M303897/M303897002.jpg,sano,nada,0.0
M303897/M303897003.jpg,no_visible,nada,0.0
M303897/M303897004.jpg,no_visible,nada,0.0
M303898/M303898002.jpg,no_visible,nada,0.0
M303898/M303898003.jpg,no_visible,nada,0.0
M303898/M303898004.jpg,sano,nada,0.0
M303898/M303898005.jpg,sano,nada,0.0
M303910/M303910001.jpg,no_visible,nada,0.0
M303910/M303910002.jpg,no_visible,nada,0.0
M303910/M303910003.jpg,sano,nada,0.0
M303910/M303910004.jpg,sano,nada,0.0
M303918/M303918001.jpg,no_visible,nada,0.0
M303918/M303918002.jpg,no_visible,nada,0.0
M303918/M303918003.jpg,sano,nada,0.0
M303918/M303918008.jpg,no_visible,nada,0.0
M303918/M303918010.jpg,sano,nada,0.0
M303918/M303918014.jpg,sano,nada,0.0
M303921/M303921002.jpg,roto,Reparar,1.5
M303921/M303921003.jpg,no_visible,nada,0.0
M303921/M303921004.jpg,no_visible,nada,0.0
M303921/M303921005.jpg,roto,Reparar,1.5
M303926/M303926002.jpg,roto,Sustituir,1.0
M303926/M303926003.jpg,no_visible,nada,0.0
M303926/M303926004.jpg,no_visible,nada,0.0
M303926/M303926005.jpg,roto,Sustituir,1.0
M303929/M303929001.jpg,roto,Reparar,2.0
M303929/M303929002.jpg,roto,Reparar,2.0
M303929/M303929003.jpg,no_visible,nada,0.0
M303929/M303929004.jpg,no_visible,nada,0.0
M303929/M303929005.jpg,roto,Reparar,2.0
M303937/M303937002.jpg,no_visible,nada,0.0
M303937/M303937003.jpg,no_visible,nada,0.0
M303937/M303937004.jpg,roto,Reparar,3.0
M303937/M303937005.jpg,roto,Reparar,3.0
M303937/M303937006.jpg,roto,Reparar,3.0
M303937/M303937007.jpg,roto,Reparar,3.0
M303937/M303937008.jpg,no_visible,nada,0.0
M303938/M303938001.jpg,sano,nada,0.0
M303938/M303938002.jpg,sano,nada,0.0
M303938/M303938003.jpg,no_visible,nada,0.0
M303938/M303938004.jpg,no_visible,nada,0.0
M303939/M303939002.jpg,no_visible,nada,0.0
M303939/M303939003.jpg,no_visible,nada,0.0
M303939/M303939004.jpg,roto,Reparar,1.0
M303939/M303939005.jpg,roto,Reparar,1.0
M303939/M303939006.jpg,roto,Reparar,1.0
M303940/M303940002.jpg,no_visible,nada,0.0
M320091/M320091003.jpg,no_visible,nada,0.0
M320091/M320091004.jpg,roto,Sustituir,1.0
M320091/M320091005.jpg,roto,Sustituir,1.0
M320091/M320091006.jpg,roto,Sustituir,1.0
M320109/M320109003.jpg,sano,nada,0.0
M320109/M320109004.jpg,no_visible,nada,0.0
M320109/M320109006.jpg,no_visible,nada,0.0
M320109/M320109007.jpg,no_visible,nada,0.0
M320109/M320109008.jpg,no_visible,nada,0.0
M320157/M320157001.jpg,roto,Sustituir,1.0
M320157/M320157003.jpg,roto,Sustituir,1.0
M320157/M320157004.jpg,no_visible,nada,0.0
M320157/M320157005.jpg,no_visible,nada,0.0
M320178/M320178001.jpg,no_visible,nada,0.0
M320178/M320178003.jpg,no_visible,nada,0.0
M320178/M320178004.jpg,no_visible,nada,0.0
M320178/M320178005.jpg,no_visible,nada,0.0
M320510/M320510002.jpg,no_visible,nada,0.0
M320510/M320510003.jpg,no_visible,nada,0.0
M320510/M320510004.jpg,sano,nada,0.0
M320510/M320510005.jpg,sano,nada,0.0
M320579/M320579002.jpg,no_visible,nada,0.0
M320579/M320579003.jpg,no_visible,nada,0.0
M320579/M320579004.jpg,sano,nada,0.0
M320579/M320579006.jpg,sano,nada,0.0
M320579/M320579007.jpg,no_visible,nada,0.0
M320582/M320582002.jpg,no_visible,nada,0.0
M320582/M320582003.jpg,no_visible,nada,0.0
M320582/M320582005.jpg,no_visible,nada,0.0
M320582/M320582006.jpg,sano,nada,0.0
M320582/M320582007.jpg,sano,nada,0.0
M320846/M320846001.jpg,no_visible,nada,0.0
M320846/M320846003.jpg,no_visible,nada,0.0
M320846/M320846004.jpg,sano,nada,0.0
M320846/M320846005.jpg,sano,nada,0.0
M320864/M320864001.jpg,sano,nada,0.0
M320864/M320864002.jpg,sano,nada,0.0
M320864/M320864005.jpg,no_visible,nada,0.0
M320864/M320864006.jpg,no_visible,nada,0.0
M320864/M320864007.jpg,no_visible,nada,0.0
M321222/M321222002.jpg,no_visible,nada,0.0
M321222/M321222003.jpg,no_visible,nada,0.0
M321222/M321222004.jpg,no_visible,nada,0.0
M321222/M321222005.jpg,sano,nada,0.0
M321222/M321222006.jpg,no_visible,nada,0.0
M321222/M321222007.jpg,no_visible,nada,0.0
M321247/M321247002.jpg,no_visible,nada,0.0
M321247/M321247003.jpg,no_visible,nada,0.0
M321247/M321247004.jpg,no_visible,nada,0.0
M321247/M321247005.jpg,sano,nada,0.0
M321247/M321247006.jpg,sano,nada,0.0
M321247/M321247007.jpg,no_visible,nada,0.0
M321256/M321256001.jpg,sano,nada,0.0
M321256/M321256002.jpg,sano,nada,0.0
M321256/M321256004.jpg,no_visible,nada,0.0
M321256/M321256005.jpg,no_visible,nada,0.0
M321256/M321256006.jpg,no_visible,nada,0.0
M321345/M321345001.jpg,sano,nada,0.0
M321345/M321345002.jpg,no_visible,nada,0.0
M321345/M321345003.jpg,no_visible,nada,0.0
M321345/M321345004.jpg,no_visible,nada,0.0
M321345/M321345006.jpg,no_visible,nada,0.0
M321349/M321349002.jpg,no_visible,nada,0.0
M321349/M321349003.jpg,no_visible,nada,0.0
M321349/M321349004.jpg,roto,Sustituir,1.0
M321349/M321349005.jpg,roto,Sustituir,1.0
M321349/M321349006.jpg,roto,Sustituir,1.0
M321349/M321349007.jpg,no_visible,nada,0.0
M321571/M321571001.jpg,no_visible,nada,0.0
M321571/M321571002.jpg,no_visible,nada,0.0
M321571/M321571004.jpg,sano,nada,0.0
M321571/M321571005.jpg,sano,nada,0.0
M321646/M321646001.jpg,roto,Reparar,3.0
M321646/M321646002.jpg,roto,Reparar,3.0
M321646/M321646003.jpg,no_visible,nada,0.0
M321646/M321646004.jpg,no_visible,nada,0.0
M321646/M321646005.jpg,no_visible,nada,0.0
M321648/M321648001.jpg,no_visible,nada,0.0
M321648/M321648002.jpg,no_visible,nada,0.0
M321648/M321648003.jpg,no_visible,nada,0.0
M321648/M321648004.jpg,no_visible,nada,0.0
M321648/M321648006.jpg,no_visible,nada,0.0
M321652/M321652001.jpg,no_visible,nada,0.0
M321652/M321652002.jpg,no_visible,nada,0.0
M321652/M321652003.jpg,no_visible,nada,0.0
M321652/M321652004.jpg,roto,Sustituir,1.0
M321652/M321652006.jpg,roto,Sustituir,1.0
M321681/M321681001.jpg,no_visible,nada,0.0
M321681/M321681002.jpg,no_visible,nada,0.0
M321681/M321681003.jpg,no_visible,nada,0.0
M321681/M321681004.jpg,sano,nada,0.0
M321681/M321681005.jpg,sano,nada,0.0
M321705/M321705001.jpg,sano,nada,0.0
M321705/M321705002.jpg,sano,nada,0.0
M321705/M321705003.jpg,no_visible,nada,0.0
M321705/M321705004.jpg,no_visible,nada,0.0
M321705/M321705005.jpg,no_visible,nada,0.0
M321743/M321743002.jpg,sano,nada,0.0
M321743/M321743003.jpg,sano,nada,0.0
M321743/M321743004.jpg,no_visible,nada,0.0
M321743/M321743005.jpg,no_visible,nada,0.0
M321743/M321743006.jpg,no_visible,nada,0.0
M321803/M321803001.jpg,no_visible,nada,0.0
M321803/M321803002.jpg,no_visible,nada,0.0
M321803/M321803003.jpg,no_visible,nada,0.0
M321803/M321803004.jpg,sano,nada,0.0
M321803/M321803005.jpg,sano,nada,0.0
M322031/M322031001.jpg,roto,Reparar,2.0
M322031/M322031002.jpg,no_visible,nada,0.0
M322031/M322031003.jpg,no_visible,nada,0.0
M322031/M322031004.jpg,no_visible,nada,0.0
M322031/M322031005.jpg,no_visible,nada,0.0
M322031/M322031006.jpg,roto,Reparar,2.0
M322061/M322061001.jpg,no_visible,nada,0.0
M322061/M322061002.jpg,no_visible,nada,0.0
M322061/M322061003.jpg,no_visible,nada,0.0
M322061/M322061004.jpg,sano,nada,0.0
M322061/M322061005.jpg,sano,nada,0.0
M322061/M322061006.jpg,no_visible,nada,0.0
M322072/M322072001.jpg,no_visible,nada,0.0
M322072/M322072002.jpg,no_visible,nada,0.0
M322072/M322072003.jpg,sano,nada,0.0
M322072/M322072004.jpg,no_visible,nada,0.0
M322072/M322072005.jpg,no_visible,nada,0.0
M322072/M322072006.jpg,no_visible,nada,0.0
M322072/M322072007.jpg,sano,nada,0.0
M322261/M322261002.jpg,no_visible,nada,0.0
M322261/M322261003.jpg,no_visible,nada,0.0
M322261/M322261004.jpg,sano,nada,0.0
M322261/M322261005.jpg,sano,nada,0.0
M322417/M322417001.jpg,no_visible,nada,0.0
M322417/M322417002.jpg,roto,Reparar,4.0
M322417/M322417005.jpg,roto,Reparar,4.0
M322528/M322528001.jpg,sano,nada,0.0
M322528/M322528002.jpg,no_visible,nada,0.0
M322528/M322528003.jpg,no_visible,nada,0.0
M322528/M322528004.jpg,no_visible,nada,0.0
M322528/M322528005.jpg,sano,nada,0.0
M322627/M322627001.jpg,roto,Reparar,3.0
M322627/M322627002.jpg,roto,Reparar,3.0
M322627/M322627003.jpg,no_visible,nada,0.0
M322627/M322627004.jpg,no_visible,nada,0.0
M322627/M322627005.jpg,no_visible,nada,0.0
M322650/M322650001.jpg,roto,Sustituir,1.0
M322650/M322650002.jpg,roto,Sustituir,1.0
M322650/M322650003.jpg,no_visible,nada,0.0
M322650/M322650004.jpg,no_visible,nada,0.0
M322650/M322650005.jpg,no_visible,nada,0.0
M322656/M322656001.jpg,sano,nada,0.0
M322656/M322656002.jpg,sano,nada,0.0
M322656/M322656003.jpg,no_visible,nada,0.0
M322656/M322656004.jpg,no_visible,nada,0.0
M322656/M322656005.jpg,no_visible,nada,0.0
M322784/M322784001.jpg,sano,nada,0.0
M322784/M322784002.jpg,sano,nada,0.0
M322784/M322784003.jpg,no_visible,nada,0.0
M322784/M322784004.jpg,no_visible,nada,0.0
M322784/M322784005.jpg,no_visible,nada,0.0
M322784/M322784006.jpg,no_visible,nada,0.0
M322787/M322787001.jpg,roto,Sustituir,1.0
M322787/M322787002.jpg,roto,Sustituir,1.0
M322787/M322787003.jpg,no_visible,nada,0.0
M322787/M322787004.jpg,no_visible,nada,0.0
M322830/M322830001.jpg,no_visible,nada,0.0
M322830/M322830002.jpg,no_visible,nada,0.0
M322996/M322996001.jpg,sano,nada,0.0
M322996/M322996004.jpg,no_visible,nada,0.0
M322996/M322996005.jpg,no_visible,nada,0.0
M322996/M322996006.jpg,sano,nada,0.0
M323037/M323037001.jpg,no_visible,nada,0.0
M323037/M323037004.jpg,sano,nada,0.0
M323037/M323037005.jpg,sano,nada,0.0
M323037/M323037006.jpg,no_visible,nada,0.0
M323063/M323063003.jpg,roto,Reparar,1.0
M323063/M323063004.jpg,roto,Reparar,1.0
M323063/M323063005.jpg,no_visible,nada,0.0
M323063/M323063006.jpg,no_visible,nada,0.0
M323067/M323067002.jpg,no_visible,nada,0.0
M323067/M323067003.jpg,no_visible,nada,0.0
M323067/M323067004.jpg,sano,nada,0.0
M323067/M323067005.jpg,sano,nada,0.0
M323111/M323111002.jpg,roto,Reparar,6.0
M323111/M323111003.jpg,roto,Reparar,6.0
M323111/M323111004.jpg,roto,Reparar,6.0
M323111/M323111005.jpg,no_visible,nada,0.0
M323111/M323111006.jpg,no_visible,nada,0.0
M323111/M323111007.jpg,no_visible,nada,0.0
M323123/M323123002.jpg,no_visible,nada,0.0
M323123/M323123003.jpg,no_visible,nada,0.0
M323123/M323123004.jpg,sano,nada,0.0
M323123/M323123005.jpg,sano,nada,0.0
M323123/M323123006.jpg,no_visible,nada,0.0
M323161/M323161002.jpg,no_visible,nada,0.0
M323161/M323161004.jpg,sano,nada,0.0
M323161/M323161005.jpg,sano,nada,0.0
M323161/M323161006.jpg,no_visible,nada,0.0
M323174/M323174003.jpg,no_visible,nada,0.0
M323201/M323201001.jpg,no_visible,nada,0.0
M323201/M323201002.jpg,sano,nada,0.0
M323201/M323201003.jpg,sano,nada,0.0
M323201/M323201004.jpg,no_visible,nada,0.0
M323201/M323201005.jpg,no_visible,nada,0.0
M323238/M323238003.jpg,no_visible,nada,0.0
M323238/M323238004.jpg,no_visible,nada,0.0
M323238/M323238005.jpg,roto,Reparar,2.0
M323238/M323238007.jpg,no_visible,nada,0.0
M323367/M323367001.jpg,roto,Sustituir,1.0
M323367/M323367003.jpg,roto,Sustituir,1.0
M323367/M323367004.jpg,no_visible,nada,0.0
M323367/M323367005.jpg,no_visible,nada,0.0
M323367/M323367007.jpg,roto,Sustituir,1.0
M323494/M323494001.jpg,no_visible,nada,0.0
M323494/M323494002.jpg,no_visible,nada,0.0
M323494/M323494003.jpg,sano,nada,0.0
M323494/M323494004.jpg,sano,nada,0.0
M323612/M323612001.jpg,no_visible,nada,0.0
M323612/M323612002.jpg,no_visible,nada,0.0
M323612/M323612003.jpg,sano,nada,0.0
M323612/M323612004.jpg,no_visible,nada,0.0
M323612/M323612005.jpg,no_visible,nada,0.0
M323721/M323721001.jpg,no_visible,nada,0.0
M323721/M323721002.jpg,no_visible,nada,0.0
M323721/M323721003.jpg,sano,nada,0.0
M323721/M323721004.jpg,no_visible,nada,0.0
M323725/M323725001.jpg,no_visible,nada,0.0
M323725/M323725002.jpg,no_visible,nada,0.0
M323725/M323725003.jpg,roto,Reparar,2.5
M323725/M323725004.jpg,roto,Reparar,2.5
M323725/M323725005.jpg,no_visible,nada,0.0
M323748/M323748001.jpg,sano,nada,0.0
M323748/M323748002.jpg,sano,nada,0.0
M323748/M323748003.jpg,no_visible,nada,0.0
M323748/M323748004.jpg,no_visible,nada,0.0
M323803/M323803001.jpg,sano,nada,0.0
M323803/M323803002.jpg,sano,nada,0.0
M323803/M323803003.jpg,no_visible,nada,0.0
M323803/M323803004.jpg,no_visible,nada,0.0
M323803/M323803006.jpg,no_visible,nada,0.0
M323832/M323832001.jpg,sano,nada,0.0
M323832/M323832002.jpg,sano,nada,0.0
M323832/M323832003.jpg,sano,nada,0.0
M323832/M323832004.jpg,no_visible,nada,0.0
M323848/M323848001.jpg,no_visible,nada,0.0
M323848/M323848002.jpg,no_visible,nada,0.0
M323848/M323848003.jpg,no_visible,nada,0.0
M323848/M323848004.jpg,sano,nada,0.0
M323848/M323848005.jpg,sano,nada,0.0
M323945/M323945001.jpg,sano,nada,0.0
M323945/M323945002.jpg,no_visible,nada,0.0
M323945/M323945003.jpg,no_visible,nada,0.0
M323945/M323945004.jpg,no_visible,nada,0.0
M323945/M323945005.jpg,no_visible,nada,0.0
M323945/M323945006.jpg,no_visible,nada,0.0
M323947/M323947001.jpg,no_visible,nada,0.0
M323947/M323947002.jpg,no_visible,nada,0.0
M323947/M323947003.jpg,no_visible,nada,0.0
M323947/M323947004.jpg,sano,nada,0.0
M323947/M323947005.jpg,sano,nada,0.0
M323947/M323947006.jpg,no_visible,nada,0.0
M324170/M324170001.jpg,no_visible,nada,0.0
M324170/M324170003.jpg,no_visible,nada,0.0
M324170/M324170004.jpg,sano,nada,0.0
M324170/M324170005.jpg,sano,nada,0.0
M324170/M324170006.jpg,sano,nada,0.0
M324199/M324199001.jpg,no_visible,nada,0.0
M324199/M324199002.jpg,no_visible,nada,0.0
M324199/M324199003.jpg,no_visible,nada,0.0
M324199/M324199004.jpg,sano,nada,0.0
M324199/M324199005.jpg,sano,nada,0.0
M324261/M324261002.jpg,no_visible,nada,0.0
M324261/M324261003.jpg,no_visible,nada,0.0
M324261/M324261004.jpg,sano,nada,0.0
M324261/M324261005.jpg,sano,nada,0.0
M324279/M324279002.jpg,roto,Reparar,1.5
M324279/M324279003.jpg,roto,Reparar,1.5
M324279/M324279004.jpg,no_visible,nada,0.0
M324279/M324279005.jpg,no_visible,nada,0.0
M324495/M324495001.jpg,sano,nada,0.0
M324495/M324495002.jpg,sano,nada,0.0
M324495/M324495003.jpg,no_visible,nada,0.0
M324495/M324495004.jpg,no_visible,nada,0.0
M324556/M324556001.jpg,roto,Sustituir,1.0
M324556/M324556002.jpg,roto,Sustituir,1.0
M324556/M324556003.jpg,no_visible,nada,0.0
M324556/M324556004.jpg,no_visible,nada,0.0
M324569/M324569001.jpg,no_visible,nada,0.0
M324569/M324569002.jpg,roto,Reparar,0.0
M324569/M324569003.jpg,roto,Reparar,0.0
M324569/M324569004.jpg,no_visible,nada,0.0
M324579/M324579001.jpg,roto,Sustituir,1.0
M324579/M324579002.jpg,roto,Sustituir,1.0
M324579/M324579003.jpg,no_visible,nada,0.0
M324579/M324579004.jpg,no_visible,nada,0.0
M324582/M324582001.jpg,roto,Sustituir,1.0
M324582/M324582002.jpg,roto,Sustituir,1.0
M324582/M324582003.jpg,no_visible,nada,0.0
M324582/M324582004.jpg,no_visible,nada,0.0
M324599/M324599001.jpg,roto,Reparar,2.0
M324599/M324599002.jpg,roto,Reparar,2.0
M324599/M324599003.jpg,no_visible,nada,0.0
M324599/M324599004.jpg,no_visible,nada,0.0
M324602/M324602001.jpg,no_visible,nada,0.0
M324602/M324602002.jpg,no_visible,nada,0.0
M324602/M324602003.jpg,roto,Reparar,2.0
M324602/M324602004.jpg,roto,Reparar,2.0
M324701/M324701001.jpg,sano,nada,0.0
M324701/M324701002.jpg,no_visible,nada,0.0
M324701/M324701004.jpg,no_visible,nada,0.0
M324701/M324701005.jpg,no_visible,nada,0.0
M324734/M324734001.jpg,no_visible,nada,0.0
M324734/M324734002.jpg,no_visible,nada,0.0
M324734/M324734003.jpg,sano,nada,0.0
M324829/M324829005.jpg,no_visible,nada,0.0
M324829/M324829007.jpg,sano,nada,0.0
M324829/M324829008.jpg,sano,nada,0.0
M324830/M324830002.jpg,no_visible,nada,0.0
M324830/M324830003.jpg,no_visible,nada,0.0
M324830/M324830004.jpg,sano,nada,0.0
M324830/M324830005.jpg,sano,nada,0.0
M324873/M324873001.jpg,roto,Sustituir,1.0
M324873/M324873002.jpg,roto,Sustituir,1.0
M324873/M324873003.jpg,roto,Sustituir,1.0
M324873/M324873004.jpg,no_visible,nada,0.0
M324873/M324873005.jpg,no_visible,nada,0.0
M324880/M324880002.jpg,sano,nada,0.0
M324880/M324880003.jpg,sano,nada,0.0
M324880/M324880004.jpg,no_visible,nada,0.0
M324880/M324880005.jpg,no_visible,nada,0.0
M324880/M324880006.jpg,no_visible,nada,0.0
M324921/M324921001.jpg,no_visible,nada,0.0
M324921/M324921003.jpg,sano,nada,0.0
M324921/M324921005.jpg,sano,nada,0.0
M324921/M324921006.jpg,sano,nada,0.0
M324925/M324925001.jpg,sano,nada,0.0
M324925/M324925003.jpg,sano,nada,0.0
M324925/M324925004.jpg,no_visible,nada,0.0
M324969/M324969001.jpg,no_visible,nada,0.0
M324969/M324969003.jpg,no_visible,nada,0.0
M324969/M324969004.jpg,sano,nada,0.0
M324969/M324969005.jpg,sano,nada,0.0
M324982/M324982002.jpg,no_visible,nada,0.0
M324982/M324982003.jpg,no_visible,nada,0.0
M324982/M324982004.jpg,sano,nada,0.0
M324982/M324982006.jpg,sano,nada,0.0
M325080/M325080001.jpg,sano,nada,0.0
M325080/M325080002.jpg,sano,nada,0.0
M325080/M325080003.jpg,no_visible,nada,0.0
M325080/M325080004.jpg,no_visible,nada,0.0
M325080/M325080005.jpg,no_visible,nada,0.0
M325080/M325080006.jpg,no_visible,nada,0.0
M325119/M325119005.jpg,no_visible,nada,0.0
M325119/M325119006.jpg,sano,nada,0.0
M325119/M325119007.jpg,no_visible,nada,0.0
M325175/M325175001.jpg,roto,Sustituir,1.0
M325175/M325175002.jpg,roto,Sustituir,1.0
M325175/M325175003.jpg,no_visible,nada,0.0
M325175/M325175004.jpg,no_visible,nada,0.0
M325175/M325175005.jpg,no_visible,nada,0.0
M325175/M325175006.jpg,roto,Sustituir,1.0
M325196/M325196001.jpg,sano,nada,0.0
M325196/M325196002.jpg,sano,nada,0.0
M325196/M325196003.jpg,no_visible,nada,0.0
M325196/M325196004.jpg,no_visible,nada,0.0
M325196/M325196005.jpg,no_visible,nada,0.0
M325196/M325196006.jpg,sano,nada,0.0
M325201/M325201001.jpg,no_visible,nada,0.0
M325201/M325201002.jpg,no_visible,nada,0.0
M325201/M325201003.jpg,sano,nada,0.0
M325201/M325201004.jpg,sano,nada,0.0
M325297/M325297002.jpg,roto,Reparar,3.0
M325297/M325297003.jpg,roto,Reparar,3.0
M325297/M325297005.jpg,no_visible,nada,0.0
M325297/M325297006.jpg,no_visible,nada,0.0
M325413/M325413001.jpg,sano,nada,0.0
M325413/M325413002.jpg,no_visible,nada,0.0
M325413/M325413003.jpg,no_visible,nada,0.0
M325413/M325413004.jpg,no_visible,nada,0.0
M325648/M325648001.jpg,no_visible,nada,0.0
M325648/M325648004.jpg,sano,nada,0.0
M325648/M325648005.jpg,no_visible,nada,0.0
M325941/M325941001.jpg,roto,Reparar,3.0
M325941/M325941002.jpg,roto,Reparar,3.0
M325941/M325941004.jpg,no_visible,nada,0.0
M325989/M325989003.jpg,roto,Reparar,1.5
M325989/M325989004.jpg,roto,Reparar,1.5
M325989/M325989005.jpg,no_visible,nada,0.0
M325989/M325989006.jpg,no_visible,nada,0.0
M325995/M325995003.jpg,no_visible,nada,0.0
M325995/M325995004.jpg,no_visible,nada,0.0
M325995/M325995005.jpg,no_visible,nada,0.0
M325995/M325995006.jpg,sano,nada,0.0
M326035/M326035001.jpg,no_visible,nada,0.0
M326035/M326035002.jpg,no_visible,nada,0.0
M326035/M326035003.jpg,sano,nada,0.0
M326035/M326035004.jpg,sano,nada,0.0
M326035/M326035007.jpg,no_visible,nada,0.0
M326213/M326213001.jpg,roto,Reparar,7.0
M326213/M326213002.jpg,no_visible,nada,0.0
M326213/M326213003.jpg,no_visible,nada,0.0
M326213/M326213004.jpg,no_visible,nada,0.0
M326213/M326213005.jpg,no_visible,nada,0.0
M326213/M326213006.jpg,no_visible,nada,0.0
M326257/M326257001.jpg,no_visible,nada,0.0
M326257/M326257002.jpg,no_visible,nada,0.0
M326257/M326257003.jpg,no_visible,nada,0.0
M326257/M326257004.jpg,sano,nada,0.0
M326257/M326257005.jpg,no_visible,nada,0.0
M326257/M326257006.jpg,no_visible,nada,0.0
M303946/M303946001.jpg,no_visible,nada,0.0
M303946/M303946002.jpg,sano,nada,0.0
M303946/M303946003.jpg,sano,nada,0.0
M303946/M303946004.jpg,no_visible,nada,0.0
M303946/M303946005.jpg,no_visible,nada,0.0
M303954/M303954001.jpg,no_visible,nada,0.0
M303954/M303954002.jpg,no_visible,nada,0.0
M303954/M303954003.jpg,no_visible,nada,0.0
M303954/M303954004.jpg,roto,Sustituir,1.0
M303954/M303954005.jpg,roto,Sustituir,1.0
M303954/M303954006.jpg,roto,Sustituir,1.0
M303954/M303954007.jpg,roto,Sustituir,1.0
M303957/M303957001.jpg,no_visible,nada,0.0
M303957/M303957002.jpg,no_visible,nada,0.0
M303957/M303957003.jpg,sano,nada,0.0
M303957/M303957004.jpg,no_visible,nada,0.0
M303975/M303975002.jpg,sano,nada,0.0
M303975/M303975003.jpg,sano,nada,0.0
M303975/M303975004.jpg,sano,nada,0.0
M303975/M303975005.jpg,no_visible,nada,0.0
M303975/M303975006.jpg,no_visible,nada,0.0
M303980/M303980001.jpg,roto,Reparar,1.5
M303980/M303980002.jpg,roto,Reparar,1.5
M303980/M303980003.jpg,no_visible,nada,0.0
M303980/M303980004.jpg,no_visible,nada,0.0
M303988/M303988002.jpg,no_visible,nada,0.0
M303988/M303988003.jpg,no_visible,nada,0.0
M303988/M303988006.jpg,roto,Sustituir,1.0
M303988/M303988007.jpg,roto,Sustituir,1.0
M303996/M303996001.jpg,no_visible,nada,0.0
M303996/M303996002.jpg,no_visible,nada,0.0
M303996/M303996003.jpg,roto,Sustituir,1.0
M304027/M304027001.jpg,no_visible,nada,0.0
M304027/M304027002.jpg,no_visible,nada,0.0
M304027/M304027003.jpg,no_visible,nada,0.0
M304027/M304027004.jpg,sano,nada,0.0
M304027/M304027005.jpg,sano,nada,0.0
M304086/M304086002.jpg,no_visible,nada,0.0
M304093/M304093001.jpg,no_visible,nada,0.0
M304093/M304093002.jpg,no_visible,nada,0.0
M304093/M304093003.jpg,sano,nada,0.0
M304093/M304093004.jpg,sano,nada,0.0
M304255/M304255001.jpg,no_visible,nada,0.0
M304255/M304255003.jpg,no_visible,nada,0.0
M304255/M304255004.jpg,sano,nada,0.0
M304255/M304255005.jpg,sano,nada,0.0
M304437/M304437001.jpg,roto,Sustituir,1.0
M304437/M304437002.jpg,roto,Sustituir,1.0
M304437/M304437003.jpg,no_visible,nada,0.0
M304437/M304437004.jpg,no_visible,nada,0.0
M304437/M304437005.jpg,no_visible,nada,0.0
M304437/M304437006.jpg,roto,Sustituir,1.0
M304437/M304437007.jpg,roto,Sustituir,1.0
M304640/M304640001.jpg,no_visible,nada,0.0
M304640/M304640002.jpg,no_visible,nada,0.0
M304640/M304640004.jpg,sano,nada,0.0
M304640/M304640005.jpg,sano,nada,0.0
M304640/M304640006.jpg,sano,nada,0.0
M304640/M304640007.jpg,no_visible,nada,0.0
M304647/M304647001.jpg,no_visible,nada,0.0
M304647/M304647002.jpg,no_visible,nada,0.0
M304647/M304647003.jpg,no_visible,nada,0.0
M304647/M304647005.jpg,sano,nada,0.0
M304647/M304647006.jpg,no_visible,nada,0.0
M304839/M304839001.jpg,no_visible,nada,0.0
M304839/M304839002.jpg,no_visible,nada,0.0
M304973/M304973001.jpg,roto,Sustituir,1.0
M304973/M304973002.jpg,roto,Sustituir,1.0
M304973/M304973003.jpg,roto,Sustituir,1.0
M304973/M304973004.jpg,no_visible,nada,0.0
M304977/M304977001.jpg,sano,nada,0.0
M304977/M304977002.jpg,no_visible,nada,0.0
M304977/M304977003.jpg,no_visible,nada,0.0
M304977/M304977004.jpg,no_visible,nada,0.0
M304977/M304977005.jpg,sano,nada,0.0
M305155/M305155003.jpg,no_visible,nada,0.0
M305155/M305155004.jpg,no_visible,nada,0.0
M305155/M305155006.jpg,roto,Sustituir,1.0
M305155/M305155007.jpg,roto,Sustituir,1.0
M305164/M305164002.jpg,no_visible,nada,0.0
M305164/M305164003.jpg,no_visible,nada,0.0
M305164/M305164004.jpg,sano,nada,0.0
M305164/M305164005.jpg,sano,nada,0.0
M305456/M305456008.jpg,no_visible,nada,0.0
M305456/M305456009.jpg,no_visible,nada,0.0
M305456/M305456010.jpg,roto,Sustituir,1.0
M305456/M305456011.jpg,roto,Sustituir,1.0
M305456/M305456012.jpg,roto,Sustituir,1.0
M305457/M305457001.jpg,sano,nada,0.0
M305457/M305457002.jpg,sano,nada,0.0
M305457/M305457003.jpg,no_visible,nada,0.0
M305457/M305457004.jpg,no_visible,nada,0.0
M305457/M305457005.jpg,no_visible,nada,0.0
M305528/M305528002.jpg,sano,nada,0.0
M305528/M305528003.jpg,no_visible,nada,0.0
M305528/M305528004.jpg,no_visible,nada,0.0
M305528/M305528005.jpg,sano,nada,0.0
M305560/M305560001.jpg,no_visible,nada,0.0
M305560/M305560002.jpg,no_visible,nada,0.0
M305560/M305560003.jpg,no_visible,nada,0.0
M305560/M305560005.jpg,no_visible,nada,0.0
M305560/M305560006.jpg,sano,nada,0.0
M305605/M305605001.jpg,no_visible,nada,0.0
M305605/M305605002.jpg,no_visible,nada,0.0
M305605/M305605003.jpg,no_visible,nada,0.0
M305748/M305748001.jpg,sano,nada,0.0
M305748/M305748002.jpg,sano,nada,0.0
M305748/M305748005.jpg,no_visible,nada,0.0
M305748/M305748006.jpg,no_visible,nada,0.0
M305748/M305748007.jpg,no_visible,nada,0.0
M305788/M305788001.jpg,roto,Sustituir,1.0
M305788/M305788002.jpg,roto,Sustituir,1.0
M305788/M305788003.jpg,roto,Sustituir,1.0
M305788/M305788004.jpg,no_visible,nada,0.0
M305984/M305984002.jpg,sano,nada,0.0
M306078/M306078001.jpg,no_visible,nada,0.0
M306078/M306078002.jpg,no_visible,nada,0.0
M306078/M306078003.jpg,sano,nada,0.0
M306078/M306078004.jpg,sano,nada,0.0
M306078/M306078005.jpg,sano,nada,0.0
M306173/M306173001.jpg,no_visible,nada,0.0
M306173/M306173002.jpg,no_visible,nada,0.0
M306173/M306173003.jpg,no_visible,nada,0.0
M306173/M306173004.jpg,no_visible,nada,0.0
M306173/M306173005.jpg,no_visible,nada,0.0
M306311/M306311001.jpg,roto,Sustituir,1.0
M306311/M306311002.jpg,roto,Sustituir,1.0
M306311/M306311004.jpg,roto,Sustituir,1.0
M306311/M306311005.jpg,roto,Sustituir,1.0
M306311/M306311006.jpg,roto,Sustituir,1.0
M306311/M306311008.jpg,no_visible,nada,0.0
M306311/M306311009.jpg,no_visible,nada,0.0
M306311/M306311012.jpg,no_visible,nada,0.0
M306328/M306328001.jpg,roto,Sustituir,1.0
M306328/M306328002.jpg,roto,Sustituir,1.0
M306328/M306328003.jpg,no_visible,nada,0.0
M306328/M306328004.jpg,no_visible,nada,0.0
M306328/M306328005.jpg,no_visible,nada,0.0
M306341/M306341005.jpg,roto,Sustituir,1.0
M306369/M306369001.jpg,no_visible,nada,0.0
M306369/M306369002.jpg,no_visible,nada,0.0
M306369/M306369003.jpg,no_visible,nada,0.0
M306369/M306369006.jpg,no_visible,nada,0.0
M306369/M306369007.jpg,sano,nada,0.0
M306404/M306404001.jpg,no_visible,nada,0.0
M306404/M306404002.jpg,no_visible,nada,0.0
M306404/M306404003.jpg,roto,Reparar,2.0
M306404/M306404004.jpg,roto,Reparar,2.0
M306462/M306462002.jpg,no_visible,nada,0.0
M306462/M306462003.jpg,no_visible,nada,0.0
M306462/M306462005.jpg,no_visible,nada,0.0
M306620/M306620002.jpg,no_visible,nada,0.0
M306620/M306620003.jpg,sano,nada,0.0
M306620/M306620004.jpg,sano,nada,0.0
M306620/M306620005.jpg,no_visible,nada,0.0
M306651/M306651001.jpg,no_visible,nada,0.0
M306651/M306651003.jpg,no_visible,nada,0.0
M306651/M306651004.jpg,no_visible,nada,0.0
M306836/M306836004.jpg,no_visible,nada,0.0
M306836/M306836007.jpg,no_visible,nada,0.0
M306839/M306839001.jpg,sano,nada,0.0
M306839/M306839002.jpg,sano,nada,0.0
M306864/M306864001.jpg,roto,Reparar,4.0
M306864/M306864002.jpg,roto,Reparar,4.0
M306864/M306864003.jpg,roto,Reparar,4.0
M306864/M306864004.jpg,no_visible,nada,0.0
M306864/M306864005.jpg,no_visible,nada,0.0
M306881/M306881001.jpg,no_visible,nada,0.0
M306881/M306881002.jpg,no_visible,nada,0.0
M306881/M306881003.jpg,roto,Sustituir,1.0
M306881/M306881004.jpg,roto,Sustituir,1.0
M306881/M306881005.jpg,roto,Sustituir,1.0
M306886/M306886001.jpg,no_visible,nada,0.0
M306886/M306886003.jpg,sano,nada,0.0
M306886/M306886004.jpg,sano,nada,0.0
M306886/M306886005.jpg,no_visible,nada,0.0
M306982/M306982001.jpg,roto,Reparar,1.0
M306982/M306982002.jpg,roto,Reparar,1.0
M306982/M306982003.jpg,no_visible,nada,0.0
M306982/M306982004.jpg,no_visible,nada,0.0
M307396/M307396001.jpg,sano,nada,0.0
M307396/M307396002.jpg,sano,nada,0.0
M307396/M307396003.jpg,no_visible,nada,0.0
M307396/M307396004.jpg,no_visible,nada,0.0
M307396/M307396005.jpg,no_visible,nada,0.0
M307396/M307396006.jpg,no_visible,nada,0.0
M307434/M307434001.jpg,roto,Sustituir,1.0
M307434/M307434002.jpg,roto,Sustituir,1.0
M307434/M307434003.jpg,no_visible,nada,0.0
M307434/M307434004.jpg,no_visible,nada,0.0
M307434/M307434005.jpg,no_visible,nada,0.0
M307434/M307434006.jpg,no_visible,nada,0.0
M307435/M307435001.jpg,sano,nada,0.0
M307435/M307435002.jpg,no_visible,nada,0.0
M307435/M307435003.jpg,no_visible,nada,0.0
M307435/M307435004.jpg,no_visible,nada,0.0
M307435/M307435005.jpg,no_visible,nada,0.0
M307435/M307435006.jpg,sano,nada,0.0
M307467/M307467001.jpg,sano,nada,0.0
M307467/M307467002.jpg,sano,nada,0.0
M307467/M307467003.jpg,no_visible,nada,0.0
M307467/M307467004.jpg,no_visible,nada,0.0
M307631/M307631009.jpg,sano,nada,0.0
M307631/M307631010.jpg,no_visible,nada,0.0
M307631/M307631011.jpg,no_visible,nada,0.0
M307631/M307631012.jpg,sano,nada,0.0
M307788/M307788001.jpg,sano,nada,0.0
M307788/M307788002.jpg,sano,nada,0.0
M307788/M307788004.jpg,no_visible,nada,0.0
M307855/M307855001.jpg,no_visible,nada,0.0
M307855/M307855002.jpg,no_visible,nada,0.0
M307855/M307855003.jpg,no_visible,nada,0.0
M307958/M307958001.jpg,sano,nada,0.0
M307958/M307958002.jpg,no_visible,nada,0.0
M307958/M307958003.jpg,no_visible,nada,0.0
M307958/M307958004.jpg,no_visible,nada,0.0
M307967/M307967001.jpg,no_visible,nada,0.0
M307967/M307967002.jpg,no_visible,nada,0.0
M307967/M307967003.jpg,no_visible,nada,0.0
M307967/M307967004.jpg,sano,nada,0.0
M308003/M308003001.jpg,roto,Sustituir,1.0
M308003/M308003005.jpg,roto,Sustituir,1.0
M308003/M308003006.jpg,roto,Sustituir,1.0
M308003/M308003007.jpg,roto,Sustituir,1.0
M308003/M308003008.jpg,no_visible,nada,0.0
M308003/M308003009.jpg,no_visible,nada,0.0
M308227/M308227001.jpg,no_visible,nada,0.0
M308227/M308227002.jpg,no_visible,nada,0.0
M308227/M308227003.jpg,sano,nada,0.0
M308227/M308227004.jpg,sano,nada,0.0
M308495/M308495003.jpg,sano,nada,0.0
M308495/M308495004.jpg,sano,nada,0.0
M308495/M308495005.jpg,sano,nada,0.0
M308495/M308495006.jpg,no_visible,nada,0.0
M308495/M308495007.jpg,no_visible,nada,0.0
M308495/M308495008.jpg,no_visible,nada,0.0
M308508/M308508001.jpg,roto,Sustituir,1.0
M308508/M308508002.jpg,roto,Sustituir,1.0
M308508/M308508003.jpg,roto,Sustituir,1.0
M308508/M308508004.jpg,roto,Sustituir,1.0
M308508/M308508005.jpg,no_visible,nada,0.0
M308508/M308508006.jpg,no_visible,nada,0.0
M308679/M308679001.jpg,roto,Reparar,4.0
M308679/M308679002.jpg,roto,Reparar,4.0
M308679/M308679003.jpg,roto,Reparar,4.0
M308726/M308726001.jpg,no_visible,nada,0.0
M308726/M308726002.jpg,no_visible,nada,0.0
M308726/M308726005.jpg,sano,nada,0.0
M308726/M308726006.jpg,sano,nada,0.0
M308729/M308729001.jpg,sano,nada,0.0
M308729/M308729002.jpg,sano,nada,0.0
M308729/M308729003.jpg,no_visible,nada,0.0
M308729/M308729004.jpg,no_visible,nada,0.0
M308851/M308851001.jpg,no_visible,nada,0.0
M308851/M308851003.jpg,sano,nada,0.0
M308851/M308851004.jpg,sano,nada,0.0
M308851/M308851005.jpg,sano,nada,0.0
M308890/M308890001.jpg,no_visible,nada,0.0
M308890/M308890002.jpg,no_visible,nada,0.0
M308890/M308890003.jpg,no_visible,nada,0.0
M308890/M308890004.jpg,sano,nada,0.0
M308890/M308890005.jpg,sano,nada,0.0
M309023/M309023001.jpg,no_visible,nada,0.0
M309023/M309023002.jpg,no_visible,nada,0.0
M309023/M309023003.jpg,no_visible,nada,0.0
M309023/M309023004.jpg,sano,nada,0.0
M309023/M309023005.jpg,sano,nada,0.0
M309076/M309076001.jpg,roto,Reparar,1.0
M309076/M309076002.jpg,no_visible,nada,0.0
M309076/M309076004.jpg,no_visible,nada,0.0
M309144/M309144001.jpg,no_visible,nada,0.0
M309144/M309144003.jpg,no_visible,nada,0.0
M309144/M309144005.jpg,sano,nada,0.0
M309228/M309228001.jpg,sano,nada,0.0
M309228/M309228002.jpg,sano,nada,0.0
M309228/M309228005.jpg,no_visible,nada,0.0
M309370/M309370001.jpg,sano,nada,0.0
M309370/M309370002.jpg,sano,nada,0.0
M309370/M309370004.jpg,sano,nada,0.0
M309370/M309370005.jpg,no_visible,nada,0.0
M309370/M309370006.jpg,no_visible,nada,0.0
M309370/M309370007.jpg,no_visible,nada,0.0
M309422/M309422001.jpg,no_visible,nada,0.0
M309422/M309422002.jpg,no_visible,nada,0.0
M309422/M309422004.jpg,sano,nada,0.0
M309422/M309422005.jpg,sano,nada,0.0
M309608/M309608001.jpg,no_visible,nada,0.0
M309608/M309608002.jpg,no_visible,nada,0.0
M309608/M309608003.jpg,sano,nada,0.0
M309608/M309608004.jpg,sano,nada,0.0
M309667/M309667002.jpg,sano,nada,0.0
M309667/M309667003.jpg,sano,nada,0.0
M309667/M309667004.jpg,no_visible,nada,0.0
M309667/M309667005.jpg,no_visible,nada,0.0
M309667/M309667006.jpg,no_visible,nada,0.0
M309667/M309667007.jpg,sano,nada,0.0
M309667/M309667008.jpg,sano,nada,0.0
M309667/M309667009.jpg,sano,nada,0.0
M309714/M309714001.jpg,no_visible,nada,0.0
M309714/M309714002.jpg,no_visible,nada,0.0
M309714/M309714003.jpg,no_visible,nada,0.0
M309714/M309714004.jpg,sano,nada,0.0
M309714/M309714005.jpg,sano,nada,0.0
M309759/M309759001.jpg,roto,Reparar,1.5
M309759/M309759002.jpg,roto,Reparar,1.5
M309759/M309759003.jpg,no_visible,nada,0.0
M309759/M309759004.jpg,no_visible,nada,0.0
M309759/M309759005.jpg,no_visible,nada,0.0
M309785/M309785001.jpg,no_visible,nada,0.0
M309785/M309785002.jpg,no_visible,nada,0.0
M309785/M309785003.jpg,roto,Reparar,3.0
M309785/M309785004.jpg,roto,Reparar,3.0
M309795/M309795001.jpg,no_visible,nada,0.0
M309795/M309795002.jpg,no_visible,nada,0.0
M309795/M309795003.jpg,sano,nada,0.0
M309795/M309795004.jpg,sano,nada,0.0
M309795/M309795005.jpg,no_visible,nada,0.0
M309956/M309956001.jpg,no_visible,nada,0.0
M309956/M309956002.jpg,no_visible,nada,0.0
M309956/M309956003.jpg,roto,Reparar,2.0
M309956/M309956004.jpg,roto,Reparar,2.0
M310025/M310025001.jpg,roto,Sustituir,1.0
M310025/M310025002.jpg,roto,Sustituir,1.0
M310025/M310025004.jpg,no_visible,nada,0.0
M310025/M310025005.jpg,no_visible,nada,0.0
M310109/M310109003.jpg,no_visible,nada,0.0
M310109/M310109005.jpg,no_visible,nada,0.0
M310109/M310109008.jpg,sano,nada,0.0
M310109/M310109009.jpg,no_visible,nada,0.0
M310109/M310109010.jpg,no_visible,nada,0.0
M310109/M310109011.jpg,no_visible,nada,0.0
M310119/M310119001.jpg,no_visible,nada,0.0
M310119/M310119002.jpg,no_visible,nada,0.0
M310119/M310119003.jpg,no_visible,nada,0.0
M310119/M310119004.jpg,no_visible,nada,0.0
M310119/M310119005.jpg,sano,nada,0.0
M310119/M310119006.jpg,sano,nada,0.0
M310149/M310149001.jpg,no_visible,nada,0.0
M310149/M310149003.jpg,sano,nada,0.0
M310149/M310149004.jpg,sano,nada,0.0
M310149/M310149005.jpg,no_visible,nada,0.0
M310158/M310158002.jpg,no_visible,nada,0.0
M310158/M310158003.jpg,no_visible,nada,0.0
M310158/M310158009.jpg,no_visible,nada,0.0
M310158/M310158010.jpg,sano,nada,0.0
M310167/M310167001.jpg,roto,Sustituir,1.0
M310167/M310167002.jpg,roto,Sustituir,1.0
M310167/M310167003.jpg,roto,Sustituir,1.0
M310167/M310167004.jpg,roto,Sustituir,1.0
M310167/M310167005.jpg,roto,Sustituir,1.0
M310167/M310167006.jpg,roto,Sustituir,1.0
M310167/M310167007.jpg,roto,Sustituir,1.0
M310167/M310167008.jpg,roto,Sustituir,1.0
M310167/M310167009.jpg,roto,Sustituir,1.0
M310167/M310167010.jpg,no_visible,nada,0.0
M310167/M310167011.jpg,no_visible,nada,0.0
M310253/M310253001.jpg,roto,Sustituir,1.0
M310253/M310253002.jpg,roto,Sustituir,1.0
M310253/M310253004.jpg,no_visible,nada,0.0
M310253/M310253005.jpg,no_visible,nada,0.0
M310260/M310260001.jpg,no_visible,nada,0.0
M310260/M310260002.jpg,roto,Sustituir,1.0
M310260/M310260005.jpg,no_visible,nada,0.0
M310260/M310260006.jpg,no_visible,nada,0.0
M310260/M310260007.jpg,no_visible,nada,0.0
M310260/M310260008.jpg,no_visible,nada,0.0
M310260/M310260014.jpg,roto,Sustituir,1.0
M310289/M310289001.jpg,no_visible,nada,0.0
M310289/M310289002.jpg,no_visible,nada,0.0
M310289/M310289003.jpg,no_visible,nada,0.0
M310289/M310289004.jpg,no_visible,nada,0.0
M310289/M310289005.jpg,sano,nada,0.0
M310289/M310289006.jpg,sano,nada,0.0
M310311/M310311002.jpg,no_visible,nada,0.0
M310311/M310311003.jpg,sano,nada,0.0
M310311/M310311004.jpg,sano,nada,0.0
M310379/M310379001.jpg,no_visible,nada,0.0
M310379/M310379002.jpg,no_visible,nada,0.0
M310379/M310379003.jpg,no_visible,nada,0.0
M310379/M310379004.jpg,sano,nada,0.0
M310379/M310379005.jpg,sano,nada,0.0
M310379/M310379007.jpg,no_visible,nada,0.0
M310632/M310632001.jpg,sano,nada,0.0
M310632/M310632002.jpg,sano,nada,0.0
M310632/M310632003.jpg,no_visible,nada,0.0
M310632/M310632004.jpg,no_visible,nada,0.0
M310680/M310680002.jpg,sano,nada,0.0
M310680/M310680003.jpg,no_visible,nada,0.0
M310680/M310680004.jpg,no_visible,nada,0.0
M310680/M310680005.jpg,no_visible,nada,0.0
M310680/M310680006.jpg,no_visible,nada,0.0
M310680/M310680007.jpg,no_visible,nada,0.0
M310680/M310680008.jpg,sano,nada,0.0
M310871/M310871001.jpg,roto,Reparar,2.0
M310871/M310871002.jpg,no_visible,nada,0.0
M310871/M310871003.jpg,no_visible,nada,0.0
M310871/M310871004.jpg,roto,Reparar,2.0
M310871/M310871007.jpg,roto,Reparar,2.0
M310871/M310871008.jpg,roto,Reparar,2.0
M310947/M310947001.jpg,no_visible,nada,0.0
M310947/M310947002.jpg,no_visible,nada,0.0
M310947/M310947003.jpg,no_visible,nada,0.0
M310947/M310947004.jpg,sano,nada,0.0
M310947/M310947005.jpg,sano,nada,0.0
M310986/M310986001.jpg,no_visible,nada,0.0
M310986/M310986002.jpg,sano,nada,0.0
M310986/M310986003.jpg,no_visible,nada,0.0
M310986/M310986004.jpg,no_visible,nada,0.0
M310986/M310986005.jpg,no_visible,nada,0.0
M310986/M310986006.jpg,no_visible,nada,0.0
M311004/M311004001.jpg,sano,nada,0.0
M311004/M311004002.jpg,sano,nada,0.0
M311004/M311004003.jpg,no_visible,nada,0.0
M311004/M311004004.jpg,no_visible,nada,0.0
M311004/M311004005.jpg,no_visible,nada,0.0
M311004/M311004006.jpg,no_visible,nada,0.0
M311075/M311075001.jpg,no_visible,nada,0.0
M311075/M311075003.jpg,no_visible,nada,0.0
M311078/M311078004.jpg,sano,nada,0.0
M311079/M311079001.jpg,roto,Reparar,3.0
M311079/M311079002.jpg,roto,Reparar,3.0
M311079/M311079003.jpg,roto,Reparar,3.0
M311079/M311079004.jpg,no_visible,nada,0.0
M311223/M311223002.jpg,no_visible,nada,0.0
M311223/M311223003.jpg,no_visible,nada,0.0
M311223/M311223004.jpg,roto,Sustituir,1.0
M311223/M311223005.jpg,roto,Sustituir,1.0
M311223/M311223006.jpg,roto,Sustituir,1.0
M311292/M311292001.jpg,no_visible,nada,0.0
M311292/M311292005.jpg,sano,nada,0.0
M311330/M311330002.jpg,no_visible,nada,0.0
M311330/M311330003.jpg,no_visible,nada,0.0
M311330/M311330004.jpg,no_visible,nada,0.0
M311330/M311330005.jpg,roto,Reparar,1.5
M311330/M311330006.jpg,roto,Reparar,1.5
M311332/M311332001.jpg,no_visible,nada,0.0
M311332/M311332002.jpg,no_visible,nada,0.0
M311332/M311332004.jpg,sano,nada,0.0
M311332/M311332005.jpg,sano,nada,0.0
M311384/M311384001.jpg,sano,nada,0.0
M311384/M311384002.jpg,sano,nada,0.0
M311384/M311384003.jpg,no_visible,nada,0.0
M311384/M311384004.jpg,no_visible,nada,0.0
M311439/M311439001.jpg,no_visible,nada,0.0
M311439/M311439002.jpg,no_visible,nada,0.0
M311439/M311439005.jpg,sano,nada,0.0
M311772/M311772002.jpg,no_visible,nada,0.0
M311772/M311772004.jpg,sano,nada,0.0
M311772/M311772005.jpg,sano,nada,0.0
M311814/M311814001.jpg,no_visible,nada,0.0
M311814/M311814003.jpg,sano,nada,0.0
M311814/M311814004.jpg,sano,nada,0.0
M311814/M311814005.jpg,sano,nada,0.0
M311814/M311814006.jpg,no_visible,nada,0.0
M311819/M311819001.jpg,roto,Reparar,3.0
M311819/M311819004.jpg,roto,Reparar,3.0
M311819/M311819005.jpg,no_visible,nada,0.0
M311956/M311956001.jpg,roto,Sustituir,1.0
M311956/M311956002.jpg,roto,Sustituir,1.0
M311956/M311956003.jpg,no_visible,nada,0.0
M312121/M312121002.jpg,no_visible,nada,0.0
M312121/M312121003.jpg,no_visible,nada,0.0
M312121/M312121004.jpg,sano,nada,0.0
M312121/M312121005.jpg,sano,nada,0.0
M312142/M312142002.jpg,sano,nada,0.0
M312142/M312142005.jpg,no_visible,nada,0.0
M312142/M312142006.jpg,no_visible,nada,0.0
M312191/M312191002.jpg,no_visible,nada,0.0
M312191/M312191003.jpg,no_visible,nada,0.0
M312191/M312191004.jpg,sano,nada,0.0
M312191/M312191005.jpg,sano,nada,0.0
M312246/M312246002.jpg,no_visible,nada,0.0
M312246/M312246003.jpg,no_visible,nada,0.0
M312246/M312246004.jpg,sano,nada,0.0
M312246/M312246005.jpg,sano,nada,0.0
M312404/M312404001.jpg,roto,Reparar,1.0
M312404/M312404003.jpg,no_visible,nada,0.0
M312404/M312404005.jpg,roto,Reparar,1.0
M312404/M312404006.jpg,no_visible,nada,0.0
M312586/M312586001.jpg,roto,Reparar,2.0
M312586/M312586002.jpg,roto,Reparar,2.0
M312586/M312586012.jpg,no_visible,nada,0.0
M312600/M312600002.jpg,roto,Reparar,3.0
M312600/M312600003.jpg,roto,Reparar,3.0
M312600/M312600005.jpg,no_visible,nada,0.0
M312600/M312600006.jpg,no_visible,nada,0.0
M312736/M312736001.jpg,sano,nada,0.0
M312736/M312736002.jpg,no_visible,nada,0.0
M312736/M312736003.jpg,sano,nada,0.0
M312736/M312736005.jpg,sano,nada,0.0
M312736/M312736006.jpg,no_visible,nada,0.0
M312736/M312736007.jpg,no_visible,nada,0.0
M312753/M312753001.jpg,no_visible,nada,0.0
M312753/M312753002.jpg,no_visible,nada,0.0
M312753/M312753004.jpg,no_visible,nada,0.0
M312753/M312753005.jpg,no_visible,nada,0.0
M312753/M312753006.jpg,no_visible,nada,0.0
M312810/M312810001.jpg,sano,nada,0.0
M312810/M312810003.jpg,sano,nada,0.0
M312810/M312810006.jpg,sano,nada,0.0
M312810/M312810007.jpg,no_visible,nada,0.0
M312810/M312810008.jpg,no_visible,nada,0.0
M312932/M312932001.jpg,no_visible,nada,0.0
M312932/M312932006.jpg,no_visible,nada,0.0
M312987/M312987001.jpg,no_visible,nada,0.0
M312987/M312987002.jpg,no_visible,nada,0.0
M312987/M312987003.jpg,sano,nada,0.0
M312987/M312987004.jpg,sano,nada,0.0
M313291/M313291003.jpg,roto,Reparar,2.5
M313291/M313291004.jpg,roto,Reparar,2.5
M313291/M313291006.jpg,no_visible,nada,0.0
M313291/M313291007.jpg,no_visible,nada,0.0
M313395/M313395002.jpg,no_visible,nada,0.0
M313395/M313395003.jpg,sano,nada,0.0
M313395/M313395004.jpg,sano,nada,0.0
M313395/M313395005.jpg,no_visible,nada,0.0
M313399/M313399001.jpg,sano,nada,0.0
M313399/M313399002.jpg,sano,nada,0.0
M313399/M313399004.jpg,no_visible,nada,0.0
M313399/M313399005.jpg,no_visible,nada,0.0
M313490/M313490001.jpg,sano,nada,0.0
M313490/M313490002.jpg,sano,nada,0.0
M313490/M313490003.jpg,no_visible,nada,0.0
M313490/M313490004.jpg,no_visible,nada,0.0
M313575/M313575001.jpg,no_visible,nada,0.0
M313575/M313575002.jpg,sano,nada,0.0
M313575/M313575004.jpg,no_visible,nada,0.0
M313575/M313575005.jpg,no_visible,nada,0.0
M313630/M313630001.jpg,roto,Sustituir,1.0
M313630/M313630002.jpg,roto,Sustituir,1.0
M313630/M313630003.jpg,no_visible,nada,0.0
M313630/M313630004.jpg,no_visible,nada,0.0
M313630/M313630005.jpg,no_visible,nada,0.0
M313745/M313745001.jpg,sano,nada,0.0
M313745/M313745002.jpg,sano,nada,0.0
M313745/M313745003.jpg,sano,nada,0.0
M313745/M313745004.jpg,no_visible,nada,0.0
M314068/M314068001.jpg,sano,nada,0.0
M314068/M314068003.jpg,no_visible,nada,0.0
M314068/M314068005.jpg,no_visible,nada,0.0
M314068/M314068006.jpg,sano,nada,0.0
M314128/M314128001.jpg,no_visible,nada,0.0
M314128/M314128002.jpg,no_visible,nada,0.0
M314128/M314128003.jpg,no_visible,nada,0.0
M314128/M314128004.jpg,sano,nada,0.0
M314461/M314461002.jpg,sano,nada,0.0
M314490/M314490002.jpg,sano,nada,0.0
M314490/M314490003.jpg,sano,nada,0.0
M314490/M314490005.jpg,no_visible,nada,0.0
M314490/M314490006.jpg,no_visible,nada,0.0
M314490/M314490012.jpg,no_visible,nada,0.0
M314912/M314912001.jpg,sano,nada,0.0
M314912/M314912002.jpg,sano,nada,0.0
M314912/M314912003.jpg,no_visible,nada,0.0
M314912/M314912004.jpg,no_visible,nada,0.0
M314912/M314912005.jpg,no_visible,nada,0.0
M314912/M314912006.jpg,sano,nada,0.0
M314990/M314990001.jpg,sano,nada,0.0
M314990/M314990002.jpg,sano,nada,0.0
M314990/M314990003.jpg,no_visible,nada,0.0
M314990/M314990004.jpg,no_visible,nada,0.0
M314990/M314990005.jpg,no_visible,nada,0.0
M314990/M314990006.jpg,sano,nada,0.0
M315136/M315136001.jpg,no_visible,nada,0.0
M315136/M315136002.jpg,no_visible,nada,0.0
M315136/M315136004.jpg,sano,nada,0.0
M315136/M315136005.jpg,sano,nada,0.0
M315136/M315136006.jpg,sano,nada,0.0
M315212/M315212002.jpg,sano,nada,0.0
M315212/M315212005.jpg,no_visible,nada,0.0
M315397/M315397001.jpg,roto,Sustituir,1.0
M315397/M315397002.jpg,no_visible,nada,0.0
M315397/M315397003.jpg,no_visible,nada,0.0
M315397/M315397004.jpg,no_visible,nada,0.0
M315599/M315599001.jpg,no_visible,nada,0.0
M315599/M315599004.jpg,sano,nada,0.0
M315714/M315714001.jpg,sano,nada,0.0
M315714/M315714002.jpg,no_visible,nada,0.0
M315714/M315714005.jpg,no_visible,nada,0.0
M315714/M315714006.jpg,no_visible,nada,0.0
M315714/M315714007.jpg,no_visible,nada,0.0
M315790/M315790001.jpg,sano,nada,0.0
M315790/M315790002.jpg,sano,nada,0.0
M315790/M315790004.jpg,no_visible,nada,0.0
M316025/M316025001.jpg,no_visible,nada,0.0
M316025/M316025002.jpg,no_visible,nada,0.0
M316025/M316025003.jpg,roto,Reparar,2.0
M316025/M316025004.jpg,roto,Reparar,2.0
M316053/M316053001.jpg,sano,nada,0.0
M316109/M316109001.jpg,no_visible,nada,0.0
M316109/M316109002.jpg,no_visible,nada,0.0
M316109/M316109003.jpg,sano,nada,0.0
M316109/M316109004.jpg,sano,nada,0.0
M316837/M316837003.jpg,sano,nada,0.0
M317005/M317005002.jpg,roto,Sustituir,1.0
M317005/M317005003.jpg,no_visible,nada,0.0
M317005/M317005004.jpg,no_visible,nada,0.0
M317005/M317005005.jpg,no_visible,nada,0.0
M317005/M317005006.jpg,roto,Sustituir,1.0
M317010/M317010001.jpg,sano,nada,0.0
M317010/M317010002.jpg,sano,nada,0.0
M317010/M317010003.jpg,no_visible,nada,0.0
M317010/M317010004.jpg,no_visible,nada,0.0
M317010/M317010005.jpg,no_visible,nada,0.0
M317024/M317024001.jpg,sano,nada,0.0
M317024/M317024002.jpg,sano,nada,0.0
M317024/M317024003.jpg,no_visible,nada,0.0
M317024/M317024004.jpg,no_visible,nada,0.0
M317024/M317024005.jpg,no_visible,nada,0.0
M317063/M317063004.jpg,no_visible,nada,0.0
M317077/M317077001.jpg,no_visible,nada,0.0
M317077/M317077002.jpg,no_visible,nada,0.0
M317077/M317077003.jpg,roto,Reparar,1.0
M317077/M317077004.jpg,roto,Reparar,1.0
M317126/M317126001.jpg,roto,Sustituir,1.0
M317126/M317126002.jpg,roto,Sustituir,1.0
M317126/M317126003.jpg,no_visible,nada,0.0
M317126/M317126004.jpg,no_visible,nada,0.0
M317126/M317126005.jpg,no_visible,nada,0.0
M317156/M317156001.jpg,no_visible,nada,0.0
M317156/M317156002.jpg,no_visible,nada,0.0
M317156/M317156003.jpg,no_visible,nada,0.0
M317156/M317156004.jpg,no_visible,nada,0.0
M317156/M317156005.jpg,sano,nada,0.0
M317175/M317175001.jpg,no_visible,nada,0.0
M317175/M317175002.jpg,no_visible,nada,0.0
M317175/M317175003.jpg,no_visible,nada,0.0
M317175/M317175005.jpg,roto,Sustituir,1.0
M317175/M317175006.jpg,roto,Sustituir,1.0
M317175/M317175007.jpg,roto,Sustituir,1.0
M317214/M317214001.jpg,no_visible,nada,0.0
M317214/M317214003.jpg,no_visible,nada,0.0
M317214/M317214004.jpg,sano,nada,0.0
M317214/M317214006.jpg,sano,nada,0.0
M317214/M317214007.jpg,no_visible,nada,0.0
M317250/M317250002.jpg,sano,nada,0.0
M317250/M317250003.jpg,no_visible,nada,0.0
M317250/M317250004.jpg,sano,nada,0.0
M317250/M317250005.jpg,sano,nada,0.0
M317250/M317250006.jpg,no_visible,nada,0.0
M317250/M317250008.jpg,sano,nada,0.0
M317250/M317250009.jpg,sano,nada,0.0
M317250/M317250011.jpg,no_visible,nada,0.0
M317250/M317250012.jpg,no_visible,nada,0.0
M317548/M317548004.jpg,no_visible,nada,0.0
M317548/M317548005.jpg,sano,nada,0.0
M317548/M317548006.jpg,sano,nada,0.0
M317581/M317581001.jpg,no_visible,nada,0.0
M317581/M317581002.jpg,no_visible,nada,0.0
M317581/M317581004.jpg,sano,nada,0.0
M317581/M317581005.jpg,sano,nada,0.0
M317592/M317592002.jpg,no_visible,nada,0.0
M317592/M317592003.jpg,no_visible,nada,0.0
M317592/M317592005.jpg,roto,Sustituir,1.0
M317592/M317592006.jpg,roto,Sustituir,1.0
M317626/M317626004.jpg,sano,nada,0.0
M317626/M317626005.jpg,sano,nada,0.0
M317626/M317626006.jpg,no_visible,nada,0.0
M317677/M317677004.jpg,no_visible,nada,0.0
M317677/M317677005.jpg,no_visible,nada,0.0
M317682/M317682004.jpg,no_visible,nada,0.0
M317682/M317682005.jpg,no_visible,nada,0.0
M317682/M317682006.jpg,sano,nada,0.0
M317682/M317682007.jpg,sano,nada,0.0
M317695/M317695001.jpg,no_visible,nada,0.0
M317695/M317695002.jpg,no_visible,nada,0.0
M317695/M317695004.jpg,no_visible,nada,0.0
M317695/M317695005.jpg,sano,nada,0.0
M317695/M317695006.jpg,sano,nada,0.0
M317741/M317741003.jpg,roto,Reparar,5.0
M317741/M317741004.jpg,no_visible,nada,0.0
M317741/M317741005.jpg,no_visible,nada,0.0
M317839/M317839001.jpg,sano,nada,0.0
M317839/M317839002.jpg,no_visible,nada,0.0
M317839/M317839003.jpg,no_visible,nada,0.0
M317839/M317839004.jpg,no_visible,nada,0.0
M317839/M317839005.jpg,no_visible,nada,0.0
M317839/M317839006.jpg,sano,nada,0.0
M317937/M317937001.jpg,sano,nada,0.0
M317937/M317937002.jpg,sano,nada,0.0
M317937/M317937003.jpg,no_visible,nada,0.0
M317937/M317937004.jpg,no_visible,nada,0.0
M317937/M317937005.jpg,no_visible,nada,0.0
M317937/M317937006.jpg,sano,nada,0.0
M317946/M317946001.jpg,sano,nada,0.0
M317946/M317946002.jpg,sano,nada,0.0
M317946/M317946003.jpg,no_visible,nada,0.0
M317946/M317946004.jpg,no_visible,nada,0.0
M317946/M317946005.jpg,no_visible,nada,0.0
M317946/M317946006.jpg,sano,nada,0.0
M318081/M318081001.jpg,no_visible,nada,0.0
M318081/M318081003.jpg,sano,nada,0.0
M318081/M318081004.jpg,no_visible,nada,0.0
M318236/M318236001.jpg,sano,nada,0.0
M318236/M318236002.jpg,sano,nada,0.0
M318236/M318236003.jpg,no_visible,nada,0.0
M318236/M318236004.jpg,no_visible,nada,0.0
M318237/M318237001.jpg,roto,Reparar,0.0
M318237/M318237002.jpg,roto,Reparar,0.0
M318245/M318245001.jpg,no_visible,nada,0.0
M318245/M318245002.jpg,no_visible,nada,0.0
M318268/M318268002.jpg,no_visible,nada,0.0
M318268/M318268003.jpg,sano,nada,0.0
M318454/M318454001.jpg,sano,nada,0.0
M318454/M318454002.jpg,sano,nada,0.0
M318454/M318454003.jpg,sano,nada,0.0
M318620/M318620001.jpg,no_visible,nada,0.0
M318620/M318620002.jpg,no_visible,nada,0.0
M318620/M318620003.jpg,no_visible,nada,0.0
M318620/M318620004.jpg,sano,nada,0.0
M318685/M318685001.jpg,no_visible,nada,0.0
M318685/M318685002.jpg,no_visible,nada,0.0
M318685/M318685003.jpg,no_visible,nada,0.0
M318685/M318685004.jpg,sano,nada,0.0
M318981/M318981001.jpg,roto,Reparar,4.0
M318981/M318981002.jpg,roto,Reparar,4.0
M318981/M318981005.jpg,no_visible,nada,0.0
M318981/M318981006.jpg,no_visible,nada,0.0
M319036/M319036001.jpg,sano,nada,0.0
M319036/M319036002.jpg,sano,nada,0.0
M319036/M319036003.jpg,no_visible,nada,0.0
M319036/M319036004.jpg,no_visible,nada,0.0
M319137/M319137001.jpg,no_visible,nada,0.0
M319137/M319137002.jpg,sano,nada,0.0
M319372/M319372002.jpg,no_visible,nada,0.0
M319372/M319372003.jpg,no_visible,nada,0.0
M319372/M319372004.jpg,no_visible,nada,0.0
M319372/M319372005.jpg,sano,nada,0.0
M319372/M319372006.jpg,sano,nada,0.0
M319486/M319486002.jpg,no_visible,nada,0.0
M319486/M319486003.jpg,no_visible,nada,0.0
M319486/M319486004.jpg,no_visible,nada,0.0
M319486/M319486005.jpg,sano,nada,0.0
M319533/M319533001.jpg,no_visible,nada,0.0
M319596/M319596001.jpg,roto,Sustituir,1.0
M319596/M319596002.jpg,roto,Sustituir,1.0
M319596/M319596003.jpg,roto,Sustituir,1.0
M319596/M319596004.jpg,no_visible,nada,0.0
M319665/M319665003.jpg,roto,Sustituir,1.0
M319665/M319665004.jpg,roto,Sustituir,1.0
M319665/M319665005.jpg,roto,Sustituir,1.0
M319665/M319665006.jpg,no_visible,nada,0.0
M319928/M319928002.jpg,no_visible,nada,0.0
M319928/M319928003.jpg,no_visible,nada,0.0
M319928/M319928004.jpg,sano,nada,0.0
M319928/M319928005.jpg,sano,nada,0.0
M319954/M319954002.jpg,roto,Reparar,0.0
M319954/M319954003.jpg,no_visible,nada,0.0
M319954/M319954005.jpg,no_visible,nada,0.0
M319954/M319954006.jpg,roto,Reparar,0.0
M320031/M320031001.jpg,no_visible,nada,0.0
M320031/M320031007.jpg,sano,nada,0.0
M320031/M320031010.jpg,no_visible,nada,0.0
