id,useful-yes,useful-no,useful-maybe,photo_angle-frente,photo_angle-frente_cond,photo_angle-frente_acomp,photo_angle-lado_cond,photo_angle-lado_acomp,photo_angle-atras,photo_angle-atras_cond,photo_angle-atras_acomp,photo_angle-otro,selected_parts
M204933/M204933001.jpg,true,false,false,true,false,true,false,false,false,false,false,false,
M204933/M204933002.jpg,true,false,false,true,true,false,false,false,false,false,false,false,
M204933/M204933003.jpg,true,false,false,false,false,false,false,false,true,true,false,false,
M204933/M204933004.jpg,true,false,false,false,false,false,false,false,true,false,true,false,
M204933/M204933005.jpg,true,false,false,false,false,false,false,true,false,false,false,false,
M204933/M204933006.jpg,false,false,true,false,false,false,false,false,false,false,false,true,
M204933/M204933007.jpg,false,false,true,false,false,false,false,false,false,false,false,true,
M204933/M204933008.jpg,true,false,false,true,false,true,false,false,false,false,false,false,
M245982/M245982001.jpg,true,false,false,false,false,false,false,false,true,true,false,false,
M245982/M245982002.jpg,true,false,false,false,false,false,false,false,true,false,true,false,
M245982/M245982003.jpg,true,false,false,true,false,true,false,false,false,false,false,false,
M245982/M245982004.jpg,true,false,false,true,true,false,false,false,false,false,false,false,
M245982/M245982005.jpg,false,false,true,false,false,false,false,false,true,false,false,false,
M245997/M245997001.jpg,true,false,false,true,false,true,false,false,false,false,false,false,
M245997/M245997002.jpg,true,false,false,true,true,false,false,false,false,false,false,false,
M245997/M245997003.jpg,true,false,false,false,false,false,false,false,true,true,false,false,
M245997/M245997004.jpg,true,false,false,false,false,false,false,false,true,false,true,false,
M245997/M245997005.jpg,false,false,true,false,false,false,false,false,false,false,false,true,
M245997/M245997006.jpg,false,false,true,false,false,false,false,false,false,false,false,true,
M245997/M245997007.jpg,false,false,true,false,false,false,false,false,false,false,false,true,
M245997/M245997008.jpg,false,false,true,false,false,false,false,false,false,false,false,true,
M275046/M275046001.jpg,false,true,false,,,,,,,,,,
M275046/M275046002.jpg,true,false,false,true,true,false,false,false,false,false,false,false,
M275046/M275046003.jpg,true,false,false,true,false,true,false,false,false,false,false,false,
M275046/M275046004.jpg,true,false,false,false,false,false,false,false,true,false,true,false,
M275046/M275046005.jpg,true,false,false,false,false,false,false,false,true,true,false,false,
M275046/M275046006.jpg,false,false,true,true,true,false,false,false,false,false,false,false,
M275046/M275046007.jpg,false,false,true,true,false,false,false,false,false,false,false,false,
M275046/M275046008.jpg,false,true,false,,,,,,,,,,
M275046/M275046009.jpg,false,true,false,,,,,,,,,,
M275046/M275046010.jpg,false,true,false,,,,,,,,,,
M275046/M275046011.jpg,false,true,false,,,,,,,,,,
M275046/M275046012.jpg,false,true,false,,,,,,,,,,
M275046/M275046013.jpg,false,true,false,,,,,,,,,,
M275053/M275053001.jpg,true,false,false,false,false,false,false,false,true,false,true,false,
M275053/M275053002.jpg,true,false,false,false,false,false,false,false,true,true,false,false,
M275053/M275053003.jpg,true,false,false,true,true,false,false,false,false,false,false,false,
M275053/M275053004.jpg,true,false,false,true,false,true,false,false,false,false,false,false,
M275053/M275053005.jpg,false,false,true,false,false,false,false,false,false,false,false,true,
M275053/M275053006.jpg,false,false,true,false,false,false,false,false,false,false,false,true,
M275053/M275053007.jpg,false,false,true,false,false,false,false,false,false,false,false,true,
M275053/M275053008.jpg,false,false,true,false,false,false,false,false,false,false,false,true,
M275053/M275053009.jpg,false,false,true,false,false,false,false,false,false,false,false,true,
M275054/M275054001.jpg,false,true,false,,,,,,,,,,
M275054/M275054002.jpg,true,false,false,true,false,true,false,false,false,false,false,false,
M275054/M275054003.jpg,true,false,false,true,true,false,false,false,false,false,false,false,
M275054/M275054004.jpg,true,false,false,false,false,false,false,false,true,true,false,false,
M275054/M275054005.jpg,true,false,false,false,false,false,false,false,true,false,true,false,
M275054/M275054006.jpg,true,false,false,true,false,false,false,false,false,false,false,false,
M275054/M275054007.jpg,true,false,false,true,false,true,false,false,false,false,false,false,
M275054/M275054008.jpg,false,false,true,false,false,false,false,false,false,false,false,true,
M275054/M275054009.jpg,false,true,false,,,,,,,,,,
M275054/M275054010.jpg,false,true,false,,,,,,,,,,
M275054/M275054011.jpg,false,true,false,,,,,,,,,,
M275054/M275054012.jpg,false,true,false,,,,,,,,,,
M275054/M275054013.jpg,false,true,false,,,,,,,,,,
M275054/M275054014.jpg,false,true,false,,,,,,,,,,
M275062/M275062001.jpg,true,false,false,true,true,false,false,false,false,false,false,false,
M275062/M275062002.jpg,true,false,false,true,false,true,false,false,false,false,false,false,
M275062/M275062003.jpg,true,false,false,false,false,false,false,false,true,false,true,false,
M275062/M275062004.jpg,true,false,false,false,false,false,false,false,true,true,false,false,
M275062/M275062005.jpg,false,false,true,false,false,false,false,false,false,false,false,true,
M275070/M275070001.jpg,false,true,false,,,,,,,,,,
M275070/M275070002.jpg,false,false,true,false,false,false,false,false,false,false,false,true,
M275070/M275070003.jpg,true,false,false,false,false,false,false,false,true,false,true,false,
M275070/M275070004.jpg,true,false,false,false,false,false,false,true,false,false,false,false,
M275070/M275070005.jpg,true,false,false,true,true,false,false,false,false,false,false,false,
M275070/M275070006.jpg,true,false,false,false,false,false,false,false,true,true,false,false,
M275070/M275070007.jpg,false,false,true,false,false,false,false,false,false,false,false,true,
M275070/M275070008.jpg,false,false,true,false,false,false,false,false,false,false,false,true,
M275105/M275105001.jpg,false,true,false,,,,,,,,,,
M275105/M275105002.jpg,false,true,false,,,,,,,,,,
M275105/M275105003.jpg,true,false,false,false,false,false,false,false,true,false,true,false,
M275105/M275105004.jpg,true,false,false,true,false,true,false,false,false,false,false,false,
M275105/M275105005.jpg,false,true,false,false,false,false,true,false,false,false,false,false,
M275105/M275105006.jpg,false,false,true,false,false,false,false,false,false,false,false,true,
M275105/M275105007.jpg,false,true,false,,,,,,,,,,
M275105/M275105008.jpg,false,true,false,,,,,,,,,,
M275105/M275105009.jpg,false,true,false,,,,,,,,,,
M275105/M275105010.jpg,false,true,false,,,,,,,,,,
M275105/M275105011.jpg,false,true,false,,,,,,,,,,
M275133/M275133001.jpg,true,false,false,true,false,true,false,false,false,false,false,false,
M275133/M275133002.jpg,true,false,false,true,true,false,false,false,false,false,false,false,
M275133/M275133003.jpg,true,false,false,false,false,false,false,false,true,true,false,false,
M275133/M275133004.jpg,true,false,false,false,false,false,false,false,true,false,true,false,
M275133/M275133005.jpg,false,false,true,false,false,false,false,false,false,false,false,true,
M275133/M275133006.jpg,false,false,true,false,false,false,false,false,false,false,false,true,
M275133/M275133007.jpg,false,false,true,false,false,false,false,false,false,false,false,true,
M275133/M275133008.jpg,false,false,true,false,false,false,false,false,false,false,false,true,
M275169/M275169001.jpg,false,true,false,,,,,,,,,,
M275169/M275169002.jpg,true,false,false,true,false,true,false,false,false,false,false,false,
M275169/M275169003.jpg,false,false,true,true,true,false,false,false,false,false,false,false,
M275169/M275169004.jpg,false,false,true,false,false,false,false,false,true,true,false,false,
M275169/M275169005.jpg,false,false,true,false,false,false,false,false,true,false,true,false,
M275169/M275169006.jpg,false,false,true,false,false,false,false,false,false,false,false,true,
M275169/M275169007.jpg,false,false,true,false,false,false,false,false,false,false,false,true,
M275198/M275198001.jpg,true,false,false,true,true,false,false,false,false,false,false,false,
M275198/M275198002.jpg,true,false,false,true,false,true,false,false,false,false,false,false,
M275198/M275198003.jpg,true,false,false,false,false,false,false,false,true,true,false,false,
M275198/M275198004.jpg,true,false,false,false,false,false,false,false,true,false,true,false,
M275198/M275198005.jpg,false,false,true,false,false,false,false,false,false,false,false,true,
M275205/M275205001.jpg,true,false,false,true,false,true,false,false,false,false,false,false,
M275205/M275205002.jpg,true,false,false,true,true,false,false,false,false,false,false,false,
M275205/M275205003.jpg,true,false,false,false,false,false,false,false,true,true,false,false,
M275205/M275205004.jpg,true,false,false,false,false,false,false,false,true,false,true,false,
M275205/M275205005.jpg,false,false,true,false,false,false,false,false,false,false,false,true,
M275205/M275205006.jpg,false,false,true,false,false,false,false,false,false,false,false,true,
M275205/M275205007.jpg,false,false,true,false,false,false,false,false,false,false,false,true,
M275205/M275205008.jpg,false,false,true,false,false,false,false,false,false,false,false,true,
M275257/M275257001.jpg,true,false,false,false,false,false,false,false,true,true,false,false,
M275257/M275257002.jpg,true,false,false,false,false,false,false,false,true,false,true,false,
M275257/M275257003.jpg,false,false,true,true,false,true,false,false,false,false,false,false,
M275257/M275257004.jpg,true,false,false,true,true,false,false,false,false,false,false,false,
M275257/M275257005.jpg,false,false,true,false,false,false,false,false,false,false,false,true,
M275257/M275257006.jpg,false,true,false,,,,,,,,,,
M275257/M275257007.jpg,false,true,false,,,,,,,,,,
M275257/M275257008.jpg,false,true,false,,,,,,,,,,
M275257/M275257009.jpg,false,true,false,,,,,,,,,,
M275257/M275257010.jpg,false,true,false,,,,,,,,,,
M275268/M275268001.jpg,true,false,false,true,true,false,false,false,false,false,false,false,
M275268/M275268002.jpg,true,false,false,true,false,true,false,false,false,false,false,false,
M275268/M275268003.jpg,true,false,false,false,false,false,false,false,true,false,true,false,
M275268/M275268004.jpg,true,false,false,false,false,false,false,false,true,true,false,false,
M275268/M275268005.jpg,false,false,true,false,false,false,false,false,false,false,false,true,
M275268/M275268006.jpg,false,false,true,false,false,false,false,false,false,false,false,true,
M275268/M275268007.jpg,false,true,false,,,,,,,,,,
M275268/M275268008.jpg,false,true,false,,,,,,,,,,
M275268/M275268009.jpg,false,true,false,,,,,,,,,,
M275268/M275268010.jpg,false,true,false,,,,,,,,,,
M275268/M275268011.jpg,false,true,false,,,,,,,,,,
M275275/M275275001.jpg,true,false,false,true,true,false,false,false,false,false,false,false,
M275275/M275275002.jpg,false,true,false,true,false,true,false,false,false,false,false,false,
M275275/M275275003.jpg,true,false,false,false,false,false,false,false,true,false,true,false,
M275275/M275275004.jpg,true,false,false,false,false,false,false,false,true,true,false,false,
M275275/M275275005.jpg,true,false,false,false,false,false,true,false,false,false,false,false,
M275291/M275291001.jpg,true,false,false,true,true,false,false,false,false,false,false,false,
M275291/M275291002.jpg,true,false,false,true,false,true,false,false,false,false,false,false,
M275291/M275291003.jpg,true,false,false,false,false,false,false,false,true,false,true,false,
M275291/M275291004.jpg,true,false,false,false,false,false,false,false,true,true,false,false,
M275291/M275291005.jpg,false,false,true,false,false,false,false,false,false,false,false,true,
M275293/M275293001.jpg,false,true,false,,,,,,,,,,
M275293/M275293002.jpg,true,false,false,false,false,false,false,false,true,true,false,false,
M275293/M275293003.jpg,true,false,false,false,false,false,false,false,true,false,true,false,
M275293/M275293004.jpg,true,false,false,true,true,false,false,false,false,false,false,false,
M275293/M275293005.jpg,false,false,true,false,false,false,false,false,false,false,false,true,
M275293/M275293006.jpg,false,false,true,false,false,false,false,false,false,false,false,true,
M275293/M275293007.jpg,false,false,true,false,false,false,false,false,false,false,false,true,
M275293/M275293008.jpg,false,false,true,false,false,false,false,false,false,false,false,true,
M275318/M275318001.jpg,true,false,false,false,false,false,true,false,false,false,false,false,
M275318/M275318002.jpg,true,false,false,false,false,false,false,false,true,false,true,false,
M275318/M275318003.jpg,true,false,false,true,false,true,false,false,false,false,false,false,
M275318/M275318004.jpg,true,false,false,true,true,false,false,false,false,false,false,false,
M275318/M275318005.jpg,false,false,true,false,false,false,false,false,false,false,false,true,
M275318/M275318006.jpg,false,false,true,false,false,false,false,false,false,false,false,true,
M275318/M275318007.jpg,false,false,true,false,false,false,false,false,false,false,false,true,
M275318/M275318008.jpg,false,false,true,false,false,false,false,false,false,false,false,true,
M275318/M275318009.jpg,false,true,false,,,,,,,,,,
M275318/M275318010.jpg,false,true,false,,,,,,,,,,
M275318/M275318011.jpg,false,true,false,,,,,,,,,,
M275318/M275318012.jpg,false,true,false,,,,,,,,,,
M275318/M275318013.jpg,false,true,false,,,,,,,,,,
M275318/M275318014.jpg,false,true,false,,,,,,,,,,
M275318/M275318015.jpg,false,true,false,,,,,,,,,,
M275445/M275445001.jpg,true,false,false,false,false,false,false,false,true,true,false,false,
M275445/M275445002.jpg,true,false,false,false,false,false,false,false,true,false,true,false,
M275445/M275445003.jpg,true,false,false,true,false,true,false,false,false,false,false,false,
M275445/M275445004.jpg,true,false,false,false,false,false,true,false,false,false,false,false,
M275445/M275445005.jpg,false,false,true,false,false,false,false,false,false,false,false,true,
M275445/M275445006.jpg,false,false,true,false,false,false,false,false,false,false,false,true,
M275445/M275445007.jpg,false,false,true,false,false,false,false,false,false,false,false,true,
M275445/M275445008.jpg,false,false,true,false,false,false,false,false,false,false,false,true,
M275445/M275445009.jpg,false,false,true,false,false,false,false,false,false,false,false,true,
M275445/M275445010.jpg,false,true,false,,,,,,,,,,
M275445/M275445011.jpg,false,true,false,,,,,,,,,,
M275445/M275445012.jpg,false,true,false,,,,,,,,,,
M275445/M275445013.jpg,false,true,false,,,,,,,,,,
M275445/M275445014.jpg,false,true,false,,,,,,,,,,
M275445/M275445015.jpg,false,true,false,,,,,,,,,,
M275446/M275446001.jpg,false,true,false,,,,,,,,,,
M275446/M275446002.jpg,false,true,false,,,,,,,,,,
M275446/M275446003.jpg,false,true,false,,,,,,,,,,
M275446/M275446004.jpg,false,true,false,,,,,,,,,,
M275446/M275446005.jpg,false,true,false,,,,,,,,,,
M275446/M275446006.jpg,false,true,false,,,,,,,,,,
M275446/M275446007.jpg,false,true,false,,,,,,,,,,
M275446/M275446008.jpg,false,true,false,,,,,,,,,,
M275446/M275446009.jpg,false,true,false,,,,,,,,,,
M275446/M275446010.jpg,false,true,false,,,,,,,,,,
M275446/M275446011.jpg,false,true,false,,,,,,,,,,
M275446/M275446012.jpg,false,true,false,,,,,,,,,,
M275446/M275446013.jpg,false,true,false,,,,,,,,,,
M275446/M275446014.jpg,false,true,false,,,,,,,,,,
M275446/M275446015.jpg,false,true,false,,,,,,,,,,
M275446/M275446016.jpg,false,true,false,,,,,,,,,,
M275464/M275464001.jpg,true,false,false,true,false,true,false,false,false,false,false,false,
M275464/M275464002.jpg,true,false,false,false,false,false,false,false,true,false,true,false,
M275464/M275464003.jpg,true,false,false,false,false,false,false,false,true,false,false,false,
M275464/M275464004.jpg,true,false,false,true,true,false,false,false,false,false,false,false,
M275464/M275464005.jpg,false,false,true,false,false,false,false,false,false,false,false,true,
M275464/M275464006.jpg,false,false,true,false,false,false,false,false,false,false,false,true,
M275464/M275464007.jpg,false,true,false,,,,,,,,,,
M275464/M275464008.jpg,false,true,false,,,,,,,,,,
M275464/M275464009.jpg,false,true,false,,,,,,,,,,
M275464/M275464010.jpg,false,true,false,,,,,,,,,,
M275492/M275492001.jpg,true,false,false,false,false,false,false,false,true,true,false,false,
M275492/M275492002.jpg,true,false,false,false,false,false,false,false,true,false,true,false,
M275492/M275492003.jpg,true,false,false,true,false,true,false,false,false,false,false,false,
M275492/M275492004.jpg,true,false,false,true,true,false,false,false,false,false,false,false,
M275492/M275492005.jpg,false,false,true,false,false,false,false,false,false,false,false,true,
M275492/M275492006.jpg,false,false,true,false,false,false,false,false,false,false,false,true,
M275492/M275492007.jpg,false,false,true,false,false,false,false,false,false,false,false,true,
M275495/M275495001.jpg,false,false,true,true,true,false,false,false,false,false,false,false,
M275495/M275495002.jpg,true,false,false,false,false,false,false,false,true,true,false,false,
M275495/M275495003.jpg,true,false,false,false,false,false,false,false,true,false,true,false,
M275495/M275495004.jpg,true,false,false,true,false,true,false,false,false,false,false,false,
M275495/M275495005.jpg,false,false,true,false,false,false,false,false,false,false,false,true,
M275495/M275495006.jpg,false,false,true,false,false,false,false,false,false,false,false,true,
M292721/M292721001.jpg,true,false,false,true,true,false,false,false,false,false,false,false,
M292721/M292721002.jpg,false,false,true,false,false,false,false,false,false,false,false,true,
M292721/M292721003.jpg,true,false,false,true,false,true,false,false,false,false,false,false,
M292721/M292721004.jpg,true,false,false,false,false,false,false,false,true,false,true,false,
M292721/M292721005.jpg,true,false,false,false,false,false,false,false,true,true,false,false,
M292721/M292721006.jpg,false,false,true,false,false,false,false,false,false,false,false,true,
M292721/M292721007.jpg,false,false,true,false,false,false,false,false,false,false,false,true,
M292721/M292721008.jpg,false,true,false,,,,,,,,,,
M292721/M292721009.jpg,false,true,false,,,,,,,,,,
M292721/M292721010.jpg,false,true,false,,,,,,,,,,
M292721/M292721011.jpg,false,true,false,,,,,,,,,,
M292729/M292729001.jpg,true,false,false,true,false,true,false,false,false,false,false,false,
M292729/M292729002.jpg,true,false,false,false,false,false,false,false,true,false,true,false,
M292729/M292729003.jpg,false,true,false,,,,,,,,,,
M292729/M292729004.jpg,true,false,false,true,true,false,false,false,false,false,false,false,
M292729/M292729005.jpg,true,false,false,true,false,false,false,false,false,false,false,false,
M292729/M292729006.jpg,false,true,false,false,false,false,false,false,false,false,false,true,
M292729/M292729007.jpg,false,true,false,,,,,,,,,,
M292729/M292729008.jpg,false,true,false,,,,,,,,,,
M292737/M292737001.jpg,true,false,false,true,false,true,false,false,false,false,false,false,
M292737/M292737002.jpg,true,false,false,true,true,false,false,false,false,false,false,false,
M292737/M292737003.jpg,true,false,false,false,false,false,false,false,true,true,false,false,
M292737/M292737004.jpg,true,false,false,false,false,false,false,false,true,false,true,false,
M292737/M292737005.jpg,false,false,true,false,false,false,false,false,false,false,false,true,
M292737/M292737006.jpg,false,false,true,false,false,false,false,false,false,false,false,true,
M292737/M292737007.jpg,false,true,false,,,,,,,,,,
M292737/M292737008.jpg,false,true,false,,,,,,,,,,
M292776/M292776001.jpg,true,false,false,true,true,false,false,false,false,false,false,false,
M292776/M292776002.jpg,true,false,false,true,false,true,false,false,false,false,false,false,
M292776/M292776003.jpg,true,false,false,false,false,false,false,false,true,false,true,false,
M292776/M292776004.jpg,true,false,false,false,false,false,false,false,true,true,false,false,
M292776/M292776005.jpg,false,true,false,,,,,,,,,,
M292776/M292776006.jpg,false,true,false,,,,,,,,,,
M292776/M292776007.jpg,false,true,false,,,,,,,,,,
M292776/M292776008.jpg,false,true,false,,,,,,,,,,
M292776/M292776009.jpg,true,false,false,false,false,false,false,false,true,false,false,false,
M292776/M292776010.jpg,false,true,false,false,false,false,false,false,false,false,false,true,
M292782/M292782001.jpg,true,false,false,false,false,false,false,false,true,true,false,false,
M292782/M292782002.jpg,true,false,false,false,false,false,false,false,true,false,false,false,
M292782/M292782003.jpg,true,false,false,true,false,false,false,false,false,false,false,false,
M292782/M292782004.jpg,false,false,true,false,false,false,false,false,false,false,false,true,
M292782/M292782005.jpg,false,false,true,false,false,false,false,false,false,false,false,true,
M292782/M292782006.jpg,false,false,true,false,false,false,false,false,false,false,false,true,
M292782/M292782007.jpg,false,false,true,false,false,false,false,false,false,false,false,true,
M292782/M292782008.jpg,false,true,false,false,false,false,false,false,false,false,false,true,
M292782/M292782009.jpg,false,true,false,,,,,,,,,,
M292784/M292784001.jpg,true,false,false,false,false,false,false,false,true,true,false,false,
M292784/M292784002.jpg,false,false,true,false,false,false,false,false,false,false,false,true,
M292784/M292784003.jpg,false,true,false,,,,,,,,,,
M292784/M292784004.jpg,true,false,false,true,false,true,false,false,false,false,false,false,
M292784/M292784005.jpg,,,,true,true,false,false,false,false,false,false,false,
M292784/M292784006.jpg,false,false,true,false,false,false,false,false,false,false,false,true,
M292784/M292784007.jpg,false,true,false,,,,,,,,,,
M292795/M292795001.jpg,true,false,false,false,false,false,false,false,true,false,true,false,
M292795/M292795002.jpg,false,false,true,false,false,false,false,false,false,false,false,true,
M292795/M292795003.jpg,false,false,true,false,false,false,false,false,false,false,false,true,
M292795/M292795004.jpg,false,false,true,false,false,false,false,false,false,false,false,true,
M292795/M292795005.jpg,false,false,true,false,false,false,false,false,false,false,false,true,
M292795/M292795006.jpg,false,false,true,true,true,false,false,false,false,false,false,false,
M292795/M292795007.jpg,false,false,true,false,false,false,false,false,false,false,false,true,
M292795/M292795008.jpg,false,false,true,false,false,false,false,false,false,false,false,true,
M292808/M292808001.jpg,false,true,false,,,,,,,,,,
M292808/M292808002.jpg,false,true,false,,,,,,,,,,
M292808/M292808003.jpg,false,true,false,,,,,,,,,,
M292808/M292808004.jpg,false,true,false,,,,,,,,,,
M292808/M292808005.jpg,false,true,false,,,,,,,,,,
M292808/M292808006.jpg,false,true,false,,,,,,,,,,
M292808/M292808007.jpg,false,true,false,,,,,,,,,,
M292808/M292808008.jpg,false,true,false,,,,,,,,,,
M292808/M292808009.jpg,false,true,false,,,,,,,,,,
M292808/M292808010.jpg,false,true,false,,,,,,,,,,
M292808/M292808011.jpg,false,true,false,,,,,,,,,,
M292808/M292808012.jpg,false,true,false,,,,,,,,,,
M292817/M292817001.jpg,true,false,false,false,false,false,false,false,true,false,false,false,
M292817/M292817002.jpg,true,false,false,false,false,false,false,false,true,true,false,false,
M292817/M292817003.jpg,true,false,false,false,false,false,true,false,false,false,false,false,
M292817/M292817004.jpg,true,false,false,true,false,false,false,false,false,false,false,false,
M292817/M292817005.jpg,false,false,true,false,false,false,false,false,false,false,false,true,
M292817/M292817006.jpg,false,false,true,false,false,false,false,false,false,false,false,true,
M292817/M292817007.jpg,false,false,true,false,false,false,false,false,false,false,false,true,
M292817/M292817008.jpg,false,true,false,,,,,,,,,,
M292817/M292817009.jpg,false,true,false,,,,,,,,,,
M292817/M292817010.jpg,false,true,false,,,,,,,,,,
M292817/M292817011.jpg,false,true,false,,,,,,,,,,
M292817/M292817012.jpg,false,true,false,,,,,,,,,,
M292817/M292817013.jpg,false,true,false,,,,,,,,,,
M292817/M292817014.jpg,false,true,false,,,,,,,,,,
M292817/M292817015.jpg,false,true,false,,,,,,,,,,
M292822/M292822001.jpg,true,false,false,false,false,false,false,false,true,false,true,false,
M292822/M292822002.jpg,true,false,false,false,false,false,false,false,true,true,false,false,
M292822/M292822003.jpg,true,false,false,true,true,false,false,false,false,false,false,false,
M292822/M292822004.jpg,false,false,true,false,false,false,false,false,false,false,false,true,
M292822/M292822005.jpg,false,false,true,false,false,false,false,false,false,false,false,true,
M292822/M292822006.jpg,false,false,true,false,false,false,false,false,false,false,false,true,
M292822/M292822007.jpg,false,false,true,false,false,false,false,false,false,false,false,true,
M292822/M292822008.jpg,false,false,true,false,false,false,false,false,false,false,false,true,
M292822/M292822009.jpg,false,false,true,false,false,false,false,false,false,false,false,true,
M292822/M292822010.jpg,false,false,true,false,false,false,false,false,false,false,false,true,
M297280/M297280001.jpg,true,false,false,false,false,false,false,false,true,true,false,false,
M297280/M297280002.jpg,true,false,false,false,false,false,false,false,true,true,false,false,
M297280/M297280003.jpg,false,false,true,false,false,false,false,false,false,false,false,true,
M297280/M297280004.jpg,true,false,false,true,false,true,false,false,false,false,false,false,
M297280/M297280005.jpg,true,false,false,true,false,false,false,false,false,false,false,false,
M297280/M297280006.jpg,false,true,false,,,,,,,,,,
M297280/M297280007.jpg,true,false,false,true,false,false,false,false,false,false,false,false,
M297280/M297280008.jpg,false,false,true,false,false,false,false,false,false,false,false,true,
M297280/M297280009.jpg,false,false,true,false,false,false,false,false,false,false,false,true,
M297280/M297280010.jpg,false,false,true,false,false,false,false,false,false,false,false,true,
M297280/M297280011.jpg,true,false,false,false,false,false,true,false,false,false,false,false,
M297280/M297280012.jpg,true,false,false,false,false,false,false,false,true,false,true,false,
M299494/M299494001.jpg,true,false,false,false,false,false,false,true,false,false,false,false,
M299494/M299494002.jpg,false,false,true,false,false,false,false,false,false,false,false,true,
M299494/M299494003.jpg,true,false,false,false,false,false,false,false,true,false,true,false,
M299494/M299494004.jpg,false,true,false,,,,,,,,,,
M299494/M299494005.jpg,true,false,false,false,false,false,false,false,true,true,false,false,
M299494/M299494006.jpg,true,false,false,true,true,false,false,false,false,false,false,false,
M299494/M299494007.jpg,true,false,false,true,false,true,false,false,false,false,false,false,
M300073/M300073001.jpg,true,false,false,false,false,false,false,false,true,true,false,false,
M300073/M300073002.jpg,true,false,false,false,false,false,false,false,true,false,true,false,
M300073/M300073003.jpg,true,false,false,true,false,true,false,false,false,false,false,false,
M300073/M300073004.jpg,true,false,false,true,true,false,false,false,false,false,false,false,
M300763/M300763001.jpg,false,true,false,,,,,,,,,,
M300763/M300763002.jpg,true,false,false,false,false,false,false,false,true,true,false,false,
M300763/M300763003.jpg,true,false,false,false,false,false,false,false,true,false,true,false,
M300763/M300763004.jpg,false,true,false,,,,,,,,,,
M300763/M300763005.jpg,false,false,true,,,,,,,,,,
M300763/M300763006.jpg,false,false,true,,,,,,,,,,
M300763/M300763007.jpg,true,false,false,true,true,false,false,false,false,false,false,false,
M300763/M300763008.jpg,false,true,false,,,,,,,,,,
M300763/M300763009.jpg,false,true,false,,,,,,,,,,
M300763/M300763010.jpg,true,false,false,false,false,false,false,false,true,false,true,false,
M300763/M300763011.jpg,false,true,false,,,,,,,,,,
M300763/M300763012.jpg,false,true,false,,,,,,,,,,
M300763/M300763013.jpg,false,true,false,,,,,,,,,,
M301783/M301783001.jpg,true,false,false,true,false,false,false,false,false,false,false,false,
M301783/M301783002.jpg,true,false,false,true,false,true,false,false,false,false,false,false,
M301783/M301783003.jpg,false,false,true,false,false,false,false,false,false,false,false,true,
M301783/M301783004.jpg,true,false,false,false,false,false,false,false,true,true,false,false,
M301783/M301783005.jpg,true,false,false,false,false,false,false,false,true,false,true,false,
M301783/M301783006.jpg,false,true,false,,,,,,,,,,
M301790/M301790001.jpg,true,false,false,false,false,false,false,false,true,false,true,false,
M301790/M301790002.jpg,false,true,false,,,,,,,,,,
M301790/M301790003.jpg,false,true,false,,,,,,,,,,
M301790/M301790004.jpg,true,false,false,false,false,false,false,false,true,true,false,false,
M301790/M301790005.jpg,false,false,true,false,false,false,false,false,false,false,false,true,
M301790/M301790006.jpg,true,false,false,true,true,false,false,false,false,false,false,false,
M301790/M301790007.jpg,true,false,false,true,false,true,false,false,false,false,false,false,
M301976/M301976001.jpg,true,false,false,false,false,false,false,false,true,true,false,false,
M301976/M301976002.jpg,false,true,false,,,,,,,,,,
M301976/M301976003.jpg,true,false,false,false,false,false,false,false,true,false,true,false,
M301976/M301976004.jpg,true,false,false,true,false,true,false,false,false,false,false,false,
M301976/M301976005.jpg,false,true,false,,,,,,,,,,
M301976/M301976006.jpg,true,false,false,true,true,false,false,false,false,false,false,false,
M301976/M301976007.jpg,false,true,false,,,,,,,,,,
M302399/M302399001.jpg,false,true,false,,,,,,,,,,
M302399/M302399002.jpg,true,false,false,false,false,false,false,false,true,false,true,false,
M302399/M302399003.jpg,true,false,false,true,false,true,false,false,false,false,false,false,
M302399/M302399004.jpg,true,false,false,true,true,false,false,false,false,false,false,false,
M302399/M302399005.jpg,false,true,false,,,,,,,,,,
M302574/M302574001.jpg,true,false,false,false,false,false,false,false,true,true,false,false,
M302574/M302574002.jpg,true,false,false,false,false,false,false,false,true,false,true,false,
M302574/M302574003.jpg,true,false,false,true,true,false,false,false,false,false,false,false,
M302574/M302574004.jpg,true,false,false,true,false,true,false,false,false,false,false,false,
M302574/M302574005.jpg,false,true,false,,,,,,,,,,
M302574/M302574006.jpg,false,true,false,,,,,,,,,,
M302574/M302574007.jpg,false,true,false,,,,,,,,,,
M302574/M302574008.jpg,false,true,false,,,,,,,,,,
M302857/M302857001.jpg,true,false,false,false,false,false,false,false,true,false,false,false,
M302857/M302857002.jpg,false,true,false,,,,,,,,,,
M302857/M302857003.jpg,false,true,false,,,,,,,,,,
M302857/M302857004.jpg,true,false,false,true,false,false,false,false,false,false,false,false,
M302857/M302857005.jpg,true,false,false,true,false,false,false,false,false,false,false,false,
M302857/M302857006.jpg,false,false,true,false,false,false,false,false,false,false,false,true,
M302857/M302857007.jpg,false,false,true,false,false,false,false,false,false,false,false,true,
M302857/M302857008.jpg,false,false,true,false,false,false,false,false,false,false,false,true,
M302857/M302857009.jpg,false,false,true,false,false,false,false,false,false,false,false,true,
M302857/M302857010.jpg,false,false,true,false,false,false,false,false,false,false,false,true,
M302857/M302857011.jpg,false,true,false,,,,,,,,,,
M302857/M302857012.jpg,false,false,true,false,false,false,false,false,false,false,false,true,
M302960/M302960001.jpg,true,false,false,false,false,false,false,false,true,false,false,false,
M302960/M302960002.jpg,true,false,false,false,false,false,false,false,true,false,true,false,
M302960/M302960003.jpg,false,false,true,false,false,false,false,false,false,false,false,true,
M302960/M302960004.jpg,true,false,false,true,false,true,false,false,false,false,false,false,
M302960/M302960005.jpg,true,false,false,true,false,false,false,false,false,false,false,false,
M302960/M302960006.jpg,true,false,false,true,true,false,false,false,false,false,false,false,
M302960/M302960007.jpg,true,false,false,false,false,false,false,false,true,true,false,false,
M302960/M302960008.jpg,true,false,false,true,false,false,false,false,false,false,false,false,
M302960/M302960009.jpg,true,false,false,true,false,true,false,false,false,false,false,false,
M302960/M302960010.jpg,false,true,false,,,,,,,,,,
M302960/M302960011.jpg,true,false,false,false,false,false,false,false,true,false,false,false,
M302960/M302960012.jpg,true,false,false,false,false,false,false,false,true,false,true,false,
M303040/M303040001.jpg,true,false,false,true,true,false,false,false,false,false,false,false,
M303040/M303040002.jpg,true,false,false,true,false,false,false,false,false,false,false,false,
M303040/M303040003.jpg,true,false,false,true,false,true,false,false,false,false,false,false,
M303040/M303040004.jpg,true,false,false,false,false,false,false,false,true,false,true,false,
M303040/M303040005.jpg,true,false,false,false,false,false,false,false,true,true,false,false,
M303040/M303040006.jpg,false,false,true,false,false,false,false,false,false,false,false,true,
M303040/M303040007.jpg,false,false,true,false,false,false,false,false,false,false,false,true,
M303040/M303040008.jpg,false,false,true,false,false,false,false,false,false,false,false,true,
M303109/M303109001.jpg,true,false,false,true,false,true,false,false,false,false,false,false,
M303109/M303109002.jpg,true,false,false,true,true,false,false,false,false,false,false,false,
M303109/M303109003.jpg,true,false,false,false,false,false,false,false,true,true,false,false,
M303109/M303109004.jpg,true,false,false,false,false,false,false,false,true,false,true,false,
M303109/M303109005.jpg,false,false,true,false,false,false,false,false,false,false,false,true,
M303109/M303109006.jpg,false,false,true,false,false,false,false,false,false,false,false,true,
M303114/M303114001.jpg,true,false,false,false,false,false,false,false,true,false,true,false,
M303114/M303114002.jpg,false,false,true,false,false,false,false,false,false,false,false,true,
M303114/M303114003.jpg,true,false,false,false,false,false,false,false,true,true,false,false,
M303114/M303114004.jpg,false,false,true,true,true,false,false,false,false,false,false,false,
M303114/M303114005.jpg,true,false,false,true,false,true,false,false,false,false,false,false,
M303114/M303114006.jpg,false,true,false,,,,,,,,,,
M303114/M303114007.jpg,false,true,false,,,,,,,,,,
M303114/M303114008.jpg,false,true,false,,,,,,,,,,
M303114/M303114009.jpg,false,true,false,,,,,,,,,,
M303114/M303114010.jpg,false,true,false,,,,,,,,,,
M303118/M303118001.jpg,true,false,false,true,false,true,false,false,false,false,false,false,
M303118/M303118002.jpg,true,false,false,true,false,false,false,false,false,false,false,false,
M303118/M303118003.jpg,true,false,false,true,true,false,false,false,false,false,false,false,
M303118/M303118004.jpg,true,false,false,false,false,false,false,true,false,false,false,false,
M303118/M303118005.jpg,true,false,false,false,false,false,true,false,false,false,false,false,
M303118/M303118006.jpg,true,false,false,false,false,false,false,false,true,false,true,false,
M303118/M303118007.jpg,true,false,false,false,false,false,false,false,true,true,false,false,
M303119/M303119001.jpg,true,false,false,true,true,false,false,false,false,false,false,false,
M303119/M303119002.jpg,true,false,false,true,true,false,false,false,false,false,false,false,
M303119/M303119003.jpg,true,false,false,false,false,false,true,false,false,false,false,false,
M303119/M303119004.jpg,false,false,true,false,false,false,false,false,false,false,false,true,
M303119/M303119005.jpg,true,false,false,true,false,false,false,false,false,false,false,false,
M303119/M303119006.jpg,true,false,false,true,false,true,false,false,false,false,false,false,
M303119/M303119007.jpg,true,false,false,false,false,false,false,false,true,false,true,false,
M303119/M303119008.jpg,true,false,false,false,false,false,false,false,true,true,false,false,
M303119/M303119009.jpg,false,false,true,false,false,false,false,false,false,false,false,true,
M303119/M303119010.jpg,false,true,false,,,,,,,,,,
M303119/M303119011.jpg,false,true,false,,,,,,,,,,
M303119/M303119012.jpg,false,true,false,,,,,,,,,,
M303149/M303149001.jpg,true,false,false,false,false,false,false,false,true,false,true,false,
M303149/M303149002.jpg,true,false,false,false,false,false,false,false,true,false,false,false,
M303149/M303149003.jpg,true,false,false,false,false,false,false,false,true,false,false,false,
M303149/M303149004.jpg,true,false,false,false,false,false,false,false,true,true,false,false,
M303149/M303149005.jpg,true,false,false,true,true,false,false,false,false,false,false,false,
M303149/M303149006.jpg,true,false,false,true,false,true,false,false,false,false,false,false,
M303149/M303149007.jpg,false,true,false,,,,,,,,,,
M303149/M303149008.jpg,true,false,false,false,false,false,false,false,true,false,false,false,
M303149/M303149009.jpg,true,false,false,true,false,false,false,false,false,false,false,false,
M303149/M303149010.jpg,false,false,true,true,false,false,false,false,false,false,false,false,
M303149/M303149011.jpg,true,false,false,true,true,false,false,false,false,false,false,false,
M303149/M303149012.jpg,false,false,true,false,false,false,false,false,false,false,false,true,
M303149/M303149013.jpg,false,true,false,,,,,,,,,,
M303149/M303149014.jpg,false,true,false,,,,,,,,,,
M303149/M303149015.jpg,false,true,false,,,,,,,,,,
M303149/M303149016.jpg,false,true,false,,,,,,,,,,
M303149/M303149017.jpg,false,true,false,,,,,,,,,,
M303149/M303149018.jpg,false,true,false,,,,,,,,,,
M303154/M303154001.jpg,true,false,false,false,false,false,false,false,true,false,true,false,
M303154/M303154002.jpg,false,false,true,false,false,false,false,false,false,false,false,true,
M303154/M303154003.jpg,true,false,false,true,false,true,false,false,false,false,false,false,
M303154/M303154004.jpg,true,false,false,true,true,false,false,false,false,false,false,false,
M303154/M303154005.jpg,true,false,false,false,false,false,false,false,true,true,false,false,
M303154/M303154006.jpg,false,true,false,,,,,,,,,,
M303154/M303154007.jpg,false,true,false,,,,,,,,,,
M303154/M303154008.jpg,true,false,false,true,true,false,false,false,false,false,false,false,
M303154/M303154009.jpg,false,true,false,,,,,,,,,,
M303154/M303154010.jpg,false,true,false,,,,,,,,,,
M303154/M303154011.jpg,false,true,false,,,,,,,,,,
M303154/M303154012.jpg,false,true,false,,,,,,,,,,
M303154/M303154013.jpg,false,true,false,,,,,,,,,,
M303154/M303154014.jpg,false,true,false,,,,,,,,,,
M303154/M303154015.jpg,false,true,false,,,,,,,,,,
M303154/M303154016.jpg,false,true,false,,,,,,,,,,
M303166/M303166001.jpg,true,false,false,false,false,false,false,false,true,false,true,false,
M303166/M303166002.jpg,true,false,false,false,false,false,false,true,false,false,false,false,
M303166/M303166003.jpg,true,false,false,true,false,true,false,false,false,false,false,false,
M303166/M303166004.jpg,true,false,false,true,false,false,false,false,false,false,false,false,
M303166/M303166005.jpg,true,false,false,true,true,false,false,false,false,false,false,false,
M303166/M303166006.jpg,true,false,false,false,false,false,false,false,true,true,false,false,
M303166/M303166007.jpg,true,false,false,false,false,false,false,false,true,false,false,false,
M303167/M303167001.jpg,true,false,false,true,true,false,false,false,false,false,false,false,
M303167/M303167002.jpg,false,false,true,false,false,false,false,false,false,false,false,true,
M303167/M303167003.jpg,true,false,false,true,false,true,false,false,false,false,false,false,
M303167/M303167004.jpg,true,false,false,false,false,false,false,false,true,false,true,false,
M303167/M303167005.jpg,true,false,false,false,false,false,false,false,true,true,false,false,
M303171/M303171001.jpg,false,true,false,,,,,,,,,,
M303171/M303171002.jpg,true,false,false,false,false,false,false,false,true,true,false,false,
M303171/M303171003.jpg,true,false,false,false,false,false,false,false,true,false,true,false,
M303171/M303171004.jpg,true,false,false,true,false,true,false,false,false,false,false,false,
M303171/M303171005.jpg,true,false,false,true,true,false,false,false,false,false,false,false,
M303171/M303171006.jpg,false,false,true,false,false,false,false,false,false,false,false,true,
M303171/M303171007.jpg,false,true,false,,,,,,,,,,
M303171/M303171008.jpg,false,true,false,,,,,,,,,,
M303171/M303171009.jpg,false,true,false,,,,,,,,,,
M303171/M303171010.jpg,false,true,false,,,,,,,,,,
M303171/M303171011.jpg,false,true,false,,,,,,,,,,
M303171/M303171012.jpg,false,true,false,,,,,,,,,,
M303234/M303234001.jpg,true,false,false,true,false,true,false,false,false,false,false,false,
M303234/M303234002.jpg,false,false,true,false,false,false,false,false,false,false,false,true,
M303234/M303234003.jpg,false,false,true,false,false,false,false,false,false,false,false,true,
M303234/M303234004.jpg,true,false,false,false,false,false,false,false,true,false,true,false,
M303234/M303234005.jpg,true,false,false,false,false,false,false,false,true,true,false,false,
M303234/M303234006.jpg,true,false,false,true,true,false,false,false,false,false,false,false,
M303234/M303234007.jpg,false,true,false,,,,,,,,,,
M303234/M303234008.jpg,false,true,false,,,,,,,,,,
M303234/M303234009.jpg,false,true,false,,,,,,,,,,
M303234/M303234010.jpg,false,true,false,,,,,,,,,,
M303234/M303234011.jpg,false,true,false,,,,,,,,,,
M303234/M303234012.jpg,false,true,false,,,,,,,,,,
M303234/M303234013.jpg,false,true,false,,,,,,,,,,
M303236/M303236001.jpg,true,false,false,true,false,true,false,false,false,false,false,false,
M303236/M303236002.jpg,true,false,false,true,false,false,false,false,false,false,false,false,
M303236/M303236003.jpg,true,false,false,true,false,true,false,false,false,false,false,false,
M303236/M303236004.jpg,true,false,false,false,false,false,false,false,true,false,true,false,
M303236/M303236005.jpg,true,false,false,false,false,false,false,false,true,true,false,false,
M303236/M303236006.jpg,false,true,false,,,,,,,,,,
M303236/M303236007.jpg,false,true,false,,,,,,,,,,
M303236/M303236008.jpg,false,true,false,,,,,,,,,,
M303236/M303236009.jpg,false,true,false,,,,,,,,,,
M303236/M303236010.jpg,false,true,false,,,,,,,,,,
M303245/M303245001.jpg,true,false,false,false,false,false,false,false,true,true,false,false,
M303245/M303245002.jpg,false,true,false,,,,,,,,,,
M303245/M303245003.jpg,false,true,false,,,,,,,,,,
M303245/M303245004.jpg,true,false,false,true,true,false,false,false,false,false,false,false,
M303245/M303245005.jpg,false,true,false,,,,,,,,,,
M303245/M303245006.jpg,false,true,false,,,,,,,,,,
M303245/M303245007.jpg,false,true,false,,,,,,,,,,
M303245/M303245008.jpg,false,true,false,,,,,,,,,,
M303245/M303245009.jpg,true,false,false,false,false,false,false,true,false,false,false,false,
M303245/M303245010.jpg,false,true,false,,,,,,,,,,
M303245/M303245011.jpg,false,true,false,,,,,,,,,,
M303245/M303245012.jpg,false,true,false,,,,,,,,,,
M303283/M303283001.jpg,true,false,false,false,false,false,false,false,true,true,false,false,
M303283/M303283002.jpg,false,true,false,,,,,,,,,,
M303283/M303283003.jpg,true,false,false,false,false,false,false,false,true,false,true,false,
M303283/M303283004.jpg,true,false,false,true,false,true,false,false,false,false,false,false,
M303283/M303283005.jpg,true,false,false,true,true,false,false,false,false,false,false,false,
M303301/M303301001.jpg,true,false,false,true,false,true,false,false,false,false,false,false,
M303301/M303301002.jpg,true,false,false,true,true,false,false,false,false,false,false,false,
M303301/M303301003.jpg,true,false,false,false,false,false,false,false,true,true,false,false,
M303301/M303301004.jpg,true,false,false,false,false,false,false,false,true,false,true,false,
M303301/M303301005.jpg,false,false,true,false,false,false,false,false,false,false,false,true,
M303301/M303301006.jpg,false,true,false,,,,,,,,,,
M303301/M303301007.jpg,false,true,false,,,,,,,,,,
M303357/M303357001.jpg,true,false,false,false,false,false,false,false,true,false,true,false,
M303357/M303357002.jpg,true,false,false,false,false,false,false,false,true,true,false,false,
M303357/M303357003.jpg,true,false,false,true,true,false,false,false,false,false,false,false,
M303357/M303357004.jpg,true,false,false,true,false,true,false,false,false,false,false,false,
M303357/M303357005.jpg,true,false,false,true,false,false,false,false,false,false,false,false,
M303426/M303426001.jpg,true,false,false,true,true,false,false,false,false,false,false,false,
M303426/M303426002.jpg,true,false,false,false,false,false,false,false,true,true,false,false,
M303426/M303426003.jpg,true,false,false,false,false,false,false,false,true,false,true,false,
M303426/M303426004.jpg,true,false,false,true,false,true,false,false,false,false,false,false,
M303426/M303426005.jpg,false,false,true,false,false,false,false,false,false,false,false,true,
M303426/M303426006.jpg,true,false,false,false,false,false,true,false,false,false,false,false,
M303426/M303426007.jpg,false,true,false,false,false,false,false,false,false,false,false,true,
M303426/M303426008.jpg,false,true,false,,,,,,,,,,
M303429/M303429001.jpg,true,false,false,false,false,false,false,false,true,false,true,false,
M303429/M303429002.jpg,true,false,false,false,false,false,false,false,true,true,false,false,
M303429/M303429003.jpg,true,false,false,false,false,false,true,false,false,false,false,false,
M303429/M303429004.jpg,true,false,false,true,false,true,false,false,false,false,false,false,
M303429/M303429005.jpg,true,false,false,false,false,false,false,false,true,false,false,false,
M303454/M303454001.jpg,true,false,false,false,false,false,false,false,true,false,true,false,
M303454/M303454002.jpg,true,false,false,false,false,false,false,false,true,true,false,false,
M303454/M303454003.jpg,true,false,false,false,false,false,true,false,false,false,false,false,
M303454/M303454004.jpg,false,false,true,false,false,false,false,true,false,false,false,false,
M303454/M303454005.jpg,false,false,true,false,false,false,false,true,false,false,false,false,
M303454/M303454006.jpg,false,false,true,false,false,false,false,false,false,false,false,true,
M303454/M303454007.jpg,false,false,true,false,false,false,false,false,false,false,false,true,
M303454/M303454008.jpg,false,true,false,,,,,,,,,,
M303510/M303510001.jpg,true,false,false,false,false,false,false,false,true,false,true,false,
M303510/M303510002.jpg,false,true,false,,,,,,,,,,
M303510/M303510003.jpg,true,false,false,true,false,true,false,false,false,false,false,false,
M303510/M303510004.jpg,true,false,false,true,true,false,false,false,false,false,false,false,
M303510/M303510005.jpg,false,false,true,false,false,false,false,false,false,false,false,true,
M303510/M303510006.jpg,false,false,true,false,false,false,false,false,false,false,false,true,
M303510/M303510007.jpg,true,false,false,false,false,false,false,false,true,false,true,false,
M303510/M303510008.jpg,true,false,false,false,false,false,false,false,true,true,false,false,
M303510/M303510009.jpg,true,false,false,true,true,false,false,false,false,false,false,false,
M303510/M303510010.jpg,true,false,false,true,false,true,false,false,false,false,false,false,
M303510/M303510011.jpg,false,false,true,false,false,false,false,false,false,false,false,true,
M303510/M303510012.jpg,false,false,true,false,false,false,false,false,false,false,false,true,
M303516/M303516001.jpg,true,false,false,false,false,false,false,false,true,false,true,false,
M303516/M303516002.jpg,true,false,false,false,false,false,false,false,true,true,false,false,
M303516/M303516003.jpg,true,false,false,true,true,false,false,false,false,false,false,false,
M303516/M303516004.jpg,true,false,false,true,false,true,false,false,false,false,false,false,
M303516/M303516005.jpg,false,false,true,false,false,false,false,false,false,false,false,true,
M303516/M303516006.jpg,false,false,true,false,false,false,false,false,false,false,false,true,
M303531/M303531001.jpg,false,true,false,,,,,,,,,,
M303531/M303531002.jpg,false,true,false,,,,,,,,,,
M303531/M303531003.jpg,false,true,false,,,,,,,,,,
M303531/M303531004.jpg,true,false,false,true,false,true,false,false,false,false,false,false,
M303531/M303531005.jpg,true,false,false,true,true,false,false,false,false,false,false,false,
M303531/M303531006.jpg,true,false,false,false,false,false,false,false,true,true,false,false,
M303531/M303531007.jpg,true,false,false,false,false,false,false,false,true,false,true,false,
M303531/M303531008.jpg,false,false,true,false,false,false,false,false,false,false,false,true,
M303531/M303531009.jpg,false,false,true,false,false,false,false,false,false,false,false,true,
M303531/M303531010.jpg,false,true,false,,,,,,,,,,
M303531/M303531011.jpg,false,true,false,,,,,,,,,,
M303531/M303531012.jpg,false,true,false,,,,,,,,,,
M303531/M303531013.jpg,false,true,false,,,,,,,,,,
M303531/M303531014.jpg,false,true,false,,,,,,,,,,
M303531/M303531015.jpg,false,true,false,,,,,,,,,,
M303531/M303531016.jpg,false,true,false,,,,,,,,,,
M303531/M303531017.jpg,false,true,false,,,,,,,,,,
M303531/M303531018.jpg,false,true,false,,,,,,,,,,
M303531/M303531019.jpg,false,true,false,,,,,,,,,,
M303534/M303534001.jpg,true,false,false,true,false,true,false,false,false,false,false,false,
M303534/M303534002.jpg,true,false,false,true,true,false,false,false,false,false,false,false,
M303534/M303534003.jpg,true,false,false,false,false,false,false,false,true,true,false,false,
M303534/M303534004.jpg,true,false,false,false,false,false,false,false,true,false,true,false,
M303534/M303534005.jpg,false,false,true,false,false,false,false,false,false,false,false,true,
M303534/M303534006.jpg,false,false,true,false,false,false,false,false,false,false,false,true,
M303553/M303553001.jpg,false,false,true,false,false,false,false,false,false,false,false,true,
M303553/M303553002.jpg,true,false,false,true,false,true,false,false,false,false,false,false,
M303553/M303553003.jpg,true,false,false,true,true,false,false,false,false,false,false,false,
M303553/M303553004.jpg,true,false,false,false,false,false,false,false,true,true,false,false,
M303553/M303553005.jpg,true,false,false,false,false,false,false,false,true,false,true,false,
M303553/M303553006.jpg,false,false,true,false,false,false,false,false,false,false,false,true,
M303553/M303553007.jpg,false,false,true,false,false,false,false,false,false,false,false,true,
M303553/M303553008.jpg,false,false,true,false,false,false,false,false,false,false,false,true,
M303553/M303553009.jpg,false,false,true,false,false,false,false,false,false,false,false,true,
M303558/M303558001.jpg,false,true,false,,,,,,,,,,
M303558/M303558002.jpg,true,false,false,false,false,false,false,false,true,true,false,false,
M303558/M303558003.jpg,true,false,false,true,true,false,false,false,false,false,false,false,
M303558/M303558004.jpg,true,false,false,true,false,false,false,false,false,false,false,false,
M303558/M303558005.jpg,false,false,true,false,false,false,false,false,false,false,false,true,
M303558/M303558006.jpg,false,true,false,,,,,,,,,,
M303558/M303558007.jpg,false,true,false,,,,,,,,,,
M303558/M303558008.jpg,false,true,false,,,,,,,,,,
M303558/M303558009.jpg,false,true,false,,,,,,,,,,
M303560/M303560001.jpg,true,false,false,false,false,false,false,false,true,true,false,false,
M303560/M303560002.jpg,true,false,false,false,false,false,false,false,true,false,true,false,
M303560/M303560003.jpg,true,false,false,true,false,true,false,false,false,false,false,false,
M303560/M303560004.jpg,true,false,false,true,true,false,false,false,false,false,false,false,
M303560/M303560005.jpg,false,false,true,false,false,false,false,false,false,false,false,true,
M303560/M303560006.jpg,false,false,true,false,false,false,false,false,false,false,false,true,
M303560/M303560007.jpg,true,false,false,false,false,false,false,true,false,false,false,false,
M303560/M303560008.jpg,true,false,false,true,true,false,false,false,false,false,false,false,
M303560/M303560009.jpg,true,false,false,false,false,false,false,false,true,true,false,false,
M303560/M303560010.jpg,true,false,false,false,false,false,false,false,true,false,true,false,
M303560/M303560011.jpg,false,false,true,false,false,false,false,false,false,false,false,true,
M303560/M303560012.jpg,false,false,true,false,false,false,false,false,false,false,false,true,
M303577/M303577001.jpg,false,true,false,,,,,,,,,,
M303577/M303577002.jpg,false,true,false,,,,,,,,,,
M303577/M303577003.jpg,false,true,false,,,,,,,,,,
M303577/M303577004.jpg,false,true,false,,,,,,,,,,
M303577/M303577005.jpg,false,true,false,,,,,,,,,,
M303577/M303577006.jpg,false,true,false,,,,,,,,,,
M303577/M303577007.jpg,false,true,false,,,,,,,,,,
M303583/M303583001.jpg,true,false,false,true,true,false,false,false,false,false,false,false,
M303583/M303583002.jpg,true,false,false,true,false,true,false,false,false,false,false,false,
M303583/M303583003.jpg,true,false,false,false,false,false,false,false,true,false,true,false,
M303583/M303583004.jpg,true,false,false,false,false,false,false,false,true,true,false,false,
M303583/M303583005.jpg,false,false,true,false,false,false,false,false,false,false,false,true,
M303583/M303583006.jpg,false,true,false,,,,,,,,,,
M303583/M303583007.jpg,false,true,false,,,,,,,,,,
M303583/M303583008.jpg,false,true,false,,,,,,,,,,
M303583/M303583009.jpg,false,true,false,,,,,,,,,,
M303583/M303583010.jpg,false,true,false,,,,,,,,,,
M303583/M303583011.jpg,false,true,false,,,,,,,,,,
M303583/M303583012.jpg,false,true,false,,,,,,,,,,
M303583/M303583013.jpg,false,true,false,,,,,,,,,,
M303595/M303595001.jpg,true,false,false,true,true,false,false,false,false,false,false,false,
M303595/M303595002.jpg,true,false,false,true,false,true,false,false,false,false,false,false,
M303595/M303595003.jpg,true,false,false,false,false,false,false,false,true,true,false,false,
M303595/M303595004.jpg,true,false,false,false,false,false,false,false,true,false,true,false,
M303595/M303595005.jpg,false,false,true,false,false,false,false,false,false,false,false,true,
M303595/M303595006.jpg,false,false,true,false,false,false,false,false,false,false,false,true,
M303595/M303595007.jpg,false,false,true,false,false,false,false,false,false,false,false,true,
M303609/M303609001.jpg,true,false,false,true,true,false,false,false,false,false,false,false,
M303609/M303609002.jpg,true,false,false,true,false,true,false,false,false,false,false,false,
M303609/M303609003.jpg,true,false,false,false,false,false,false,false,true,false,true,false,
M303609/M303609004.jpg,true,false,false,false,false,false,false,false,true,true,false,false,
M303609/M303609005.jpg,false,false,true,false,false,false,false,false,false,false,false,true,
M303609/M303609006.jpg,false,false,true,false,false,false,false,false,false,false,false,true,
M303609/M303609007.jpg,false,false,true,false,false,false,false,false,false,false,false,true,
M303609/M303609008.jpg,false,true,false,,,,,,,,,,
M303609/M303609009.jpg,true,false,false,true,true,false,false,false,false,false,false,false,
M303609/M303609010.jpg,true,false,false,true,false,true,false,false,false,false,false,false,
M303609/M303609011.jpg,true,false,false,false,false,false,false,false,true,false,true,false,
M303609/M303609012.jpg,true,false,false,false,false,false,false,false,true,true,false,false,
M303609/M303609013.jpg,false,false,true,false,false,false,false,false,false,false,false,true,
M303609/M303609014.jpg,false,false,true,false,false,false,false,false,false,false,false,true,
M303610/M303610001.jpg,true,false,false,true,true,false,false,false,false,false,false,false,
M303610/M303610002.jpg,true,false,false,true,false,true,false,false,false,false,false,false,
M303610/M303610003.jpg,true,false,false,false,false,false,false,false,true,true,false,false,
M303610/M303610004.jpg,true,false,false,false,false,false,false,false,true,false,true,false,
M303610/M303610005.jpg,false,false,true,false,false,false,false,false,false,false,false,true,
M303610/M303610006.jpg,false,false,true,false,false,false,false,false,false,false,false,true,
M303610/M303610007.jpg,false,false,true,false,false,false,false,false,false,false,false,true,
M303610/M303610008.jpg,false,true,false,,,,,,,,,,
M303610/M303610009.jpg,false,true,false,,,,,,,,,,
M303610/M303610010.jpg,false,true,false,,,,,,,,,,
M303610/M303610011.jpg,false,true,false,,,,,,,,,,
M303635/M303635001.jpg,true,false,false,true,false,true,false,false,false,false,false,false,
M303635/M303635002.jpg,true,false,false,true,true,false,false,false,false,false,false,false,
M303635/M303635003.jpg,true,false,false,false,false,false,false,false,true,true,false,false,
M303635/M303635004.jpg,true,false,false,false,false,false,false,false,true,false,false,false,
M303635/M303635005.jpg,false,false,true,false,false,false,false,false,false,false,false,true,
M303635/M303635006.jpg,false,false,true,false,false,false,false,false,false,false,false,true,
M303635/M303635007.jpg,false,false,true,false,false,false,false,false,false,false,false,true,
M303636/M303636001.jpg,false,true,false,,,,,,,,,,
M303636/M303636002.jpg,true,false,false,true,false,true,false,false,false,false,false,false,
M303636/M303636003.jpg,true,false,false,false,false,false,false,false,true,false,true,false,
M303636/M303636004.jpg,true,false,false,false,false,false,false,false,true,true,false,false,
M303636/M303636005.jpg,false,false,true,false,false,false,false,false,false,false,false,true,
M303636/M303636006.jpg,true,false,false,true,false,false,false,false,false,false,false,false,
M303636/M303636007.jpg,false,false,true,false,false,false,false,false,false,false,false,true,
M303636/M303636008.jpg,false,false,true,false,false,false,false,false,false,false,false,true,
M303647/M303647001.jpg,true,false,false,true,true,false,false,false,false,false,false,false,
M303647/M303647002.jpg,false,false,true,true,false,true,false,false,false,false,false,false,
M303647/M303647003.jpg,false,false,true,false,false,false,false,false,true,false,true,false,
M303647/M303647004.jpg,true,false,false,false,false,false,false,false,true,true,false,false,
M303647/M303647005.jpg,false,false,true,false,false,false,false,false,false,false,false,true,
M303647/M303647006.jpg,false,false,true,false,false,false,false,false,false,false,false,true,
M303647/M303647007.jpg,false,true,false,,,,,,,,,,
M303647/M303647008.jpg,false,true,false,,,,,,,,,,
M303647/M303647009.jpg,false,true,false,,,,,,,,,,
M303647/M303647010.jpg,false,true,false,,,,,,,,,,
M303647/M303647011.jpg,false,true,false,,,,,,,,,,
M303647/M303647012.jpg,false,true,false,,,,,,,,,,
M303647/M303647013.jpg,false,true,false,,,,,,,,,,
M303647/M303647014.jpg,false,true,false,,,,,,,,,,
M303647/M303647015.jpg,false,true,false,,,,,,,,,,
M303647/M303647016.jpg,false,true,false,,,,,,,,,,
M303660/M303660001.jpg,true,false,false,true,true,false,false,false,false,false,false,false,
M303660/M303660002.jpg,true,false,false,true,false,true,false,false,false,false,false,false,
M303660/M303660003.jpg,true,false,false,false,false,false,false,false,true,false,true,false,
M303660/M303660004.jpg,true,false,false,false,false,false,false,false,true,true,false,false,
M303660/M303660005.jpg,false,false,true,false,false,false,false,false,false,false,false,true,
M303660/M303660006.jpg,false,false,true,false,false,false,false,false,false,false,false,true,
M303660/M303660007.jpg,false,false,true,false,false,false,false,false,false,false,false,true,
M303660/M303660008.jpg,false,true,false,,,,,,,,,,
M303660/M303660009.jpg,false,true,false,,,,,,,,,,
M303660/M303660010.jpg,false,true,false,,,,,,,,,,
M303660/M303660011.jpg,false,true,false,,,,,,,,,,
M303660/M303660012.jpg,false,true,false,,,,,,,,,,
M303660/M303660013.jpg,false,true,false,,,,,,,,,,
M303660/M303660014.jpg,false,true,false,,,,,,,,,,
M303660/M303660015.jpg,false,true,false,,,,,,,,,,
M303660/M303660016.jpg,false,true,false,,,,,,,,,,
M303709/M303709001.jpg,true,false,false,true,true,false,false,false,false,false,false,false,
M303709/M303709002.jpg,true,false,false,false,false,false,false,false,true,true,false,false,
M303709/M303709003.jpg,true,false,false,false,false,false,false,false,true,false,true,false,
M303709/M303709004.jpg,true,false,false,true,false,true,false,false,false,false,false,false,
M303709/M303709005.jpg,false,false,true,false,false,false,false,false,false,false,false,true,
M303709/M303709006.jpg,false,false,true,false,false,false,false,false,false,false,false,true,
M303709/M303709007.jpg,false,true,false,,,,,,,,,,
M303709/M303709008.jpg,false,true,false,,,,,,,,,,
M303709/M303709009.jpg,false,true,false,,,,,,,,,,
M303709/M303709010.jpg,false,true,false,,,,,,,,,,
M303709/M303709011.jpg,false,true,false,,,,,,,,,,
M303709/M303709012.jpg,false,true,false,,,,,,,,,,
M303709/M303709013.jpg,false,true,false,,,,,,,,,,
M303709/M303709014.jpg,false,true,false,,,,,,,,,,
M303709/M303709015.jpg,false,true,false,,,,,,,,,,
M303709/M303709016.jpg,false,true,false,,,,,,,,,,
M303766/M303766001.jpg,true,false,false,false,false,false,false,false,true,true,false,false,
M303766/M303766002.jpg,true,false,false,true,true,false,false,false,false,false,false,false,
M303766/M303766003.jpg,true,false,false,true,false,true,false,false,false,false,false,false,
M303766/M303766004.jpg,true,false,false,false,false,false,false,false,true,false,true,false,
M303766/M303766005.jpg,false,false,true,false,false,false,false,false,false,false,false,true,
M303766/M303766006.jpg,false,false,true,false,false,false,false,false,false,false,false,true,
M303766/M303766007.jpg,false,false,true,false,false,false,false,false,false,false,false,true,
M303766/M303766008.jpg,false,true,false,,,,,,,,,,
M303768/M303768001.jpg,true,false,false,false,false,false,false,false,true,true,false,false,
M303768/M303768002.jpg,true,false,false,false,false,false,false,false,true,false,true,false,
M303768/M303768003.jpg,true,false,false,true,false,true,false,false,false,false,false,false,
M303768/M303768004.jpg,true,false,false,true,true,false,false,false,false,false,false,false,
M303768/M303768005.jpg,true,false,false,true,false,false,false,false,false,false,false,false,
M303768/M303768006.jpg,false,false,true,false,false,false,false,false,false,false,false,true,
M303768/M303768007.jpg,false,false,true,false,false,false,false,false,false,false,false,true,
M303768/M303768008.jpg,false,true,false,,,,,,,,,,
M303768/M303768009.jpg,false,true,false,,,,,,,,,,
M303768/M303768010.jpg,false,true,false,,,,,,,,,,
M303768/M303768011.jpg,false,true,false,,,,,,,,,,
M303768/M303768012.jpg,,,,,,,,,,,,,
M303768/M303768013.jpg,false,true,false,,,,,,,,,,
M303768/M303768014.jpg,true,false,false,false,false,false,true,false,false,false,false,false,
M303768/M303768015.jpg,false,true,false,,,,,,,,,,
M303768/M303768016.jpg,false,true,false,,,,,,,,,,
M303768/M303768017.jpg,false,true,false,,,,,,,,,,
M303768/M303768018.jpg,false,true,false,,,,,,,,,,
M303772/M303772001.jpg,true,false,false,false,false,false,false,false,true,true,false,false,
M303772/M303772002.jpg,true,false,false,false,false,false,false,false,true,false,true,false,
M303772/M303772003.jpg,true,false,false,true,false,true,false,false,false,false,false,false,
M303772/M303772004.jpg,true,false,false,true,true,false,false,false,false,false,false,false,
M303772/M303772005.jpg,false,false,true,false,false,false,false,false,false,false,false,true,
M303772/M303772006.jpg,false,false,true,false,false,false,false,false,false,false,false,true,
M303772/M303772007.jpg,false,true,false,,,,,,,,,,
M303772/M303772008.jpg,false,true,false,,,,,,,,,,
M303772/M303772009.jpg,false,true,false,,,,,,,,,,
M303772/M303772010.jpg,false,true,false,,,,,,,,,,
M303772/M303772011.jpg,false,true,false,,,,,,,,,,
M303772/M303772012.jpg,false,true,false,,,,,,,,,,
M303772/M303772013.jpg,false,true,false,,,,,,,,,,
M303772/M303772014.jpg,false,true,false,,,,,,,,,,
M303772/M303772015.jpg,false,true,false,,,,,,,,,,
M303772/M303772016.jpg,false,true,false,,,,,,,,,,
M303772/M303772017.jpg,false,true,false,,,,,,,,,,
M303772/M303772018.jpg,false,true,false,,,,,,,,,,
M303772/M303772019.jpg,false,true,false,,,,,,,,,,
M303772/M303772020.jpg,false,true,false,,,,,,,,,,
M303772/M303772021.jpg,false,true,false,,,,,,,,,,
M303772/M303772022.jpg,false,true,false,,,,,,,,,,
M303772/M303772023.jpg,false,true,false,,,,,,,,,,
M303781/M303781001.jpg,true,false,false,true,false,true,false,false,false,false,false,false,
M303781/M303781002.jpg,true,false,false,true,true,false,false,false,false,false,false,false,
M303781/M303781003.jpg,true,false,false,false,false,false,false,false,true,true,false,false,
M303781/M303781004.jpg,true,false,false,false,false,false,false,false,true,false,true,false,
M303781/M303781005.jpg,false,false,true,false,false,false,false,false,false,false,false,true,
M303781/M303781006.jpg,true,false,false,false,false,false,false,false,true,false,true,false,
M303781/M303781007.jpg,false,false,true,false,false,false,false,false,false,false,false,true,
M303781/M303781008.jpg,false,true,false,,,,,,,,,,
M303781/M303781009.jpg,false,true,false,,,,,,,,,,
M303781/M303781010.jpg,false,true,false,,,,,,,,,,
M303781/M303781011.jpg,false,true,false,,,,,,,,,,
M303781/M303781012.jpg,false,true,false,,,,,,,,,,
M303781/M303781013.jpg,false,true,false,,,,,,,,,,
M303781/M303781014.jpg,false,true,false,,,,,,,,,,
M303793/M303793001.jpg,false,true,false,,,,,,,,,,
M303793/M303793002.jpg,true,false,false,true,false,true,false,false,false,false,false,false,
M303793/M303793003.jpg,true,false,false,true,true,false,false,false,false,false,false,false,
M303793/M303793004.jpg,true,false,false,false,false,false,false,false,true,true,false,false,
M303793/M303793005.jpg,true,false,false,false,false,false,false,false,true,false,true,false,
M303793/M303793006.jpg,false,false,true,false,false,false,false,false,false,false,false,true,
M303793/M303793007.jpg,false,false,true,false,false,false,false,false,false,false,false,true,
M303794/M303794001.jpg,true,false,false,true,false,true,false,false,false,false,false,false,
M303794/M303794002.jpg,true,false,false,true,true,false,false,false,false,false,false,false,
M303794/M303794003.jpg,true,false,false,false,false,false,false,false,true,true,false,false,
M303794/M303794004.jpg,true,false,false,false,false,false,false,false,true,false,true,false,
M303794/M303794005.jpg,false,false,true,false,false,false,false,false,false,false,false,true,
M303794/M303794006.jpg,false,false,true,false,false,false,false,false,false,false,false,true,
M303794/M303794007.jpg,false,true,false,,,,,,,,,,
M303794/M303794008.jpg,false,true,false,,,,,,,,,,
M303794/M303794009.jpg,false,true,false,,,,,,,,,,
M303794/M303794010.jpg,false,true,false,,,,,,,,,,
M303796/M303796001.jpg,false,true,false,,,,,,,,,,
M303796/M303796002.jpg,true,false,false,true,false,true,false,false,false,false,false,false,
M303796/M303796003.jpg,true,false,false,true,true,false,false,false,false,false,false,false,
M303796/M303796004.jpg,true,false,false,false,false,false,false,false,true,true,false,false,
M303796/M303796005.jpg,true,false,false,false,false,false,false,false,true,false,true,false,
M303796/M303796006.jpg,false,false,true,false,false,false,false,false,false,false,false,true,
M303796/M303796007.jpg,false,false,true,false,false,false,false,false,false,false,false,true,
M303796/M303796008.jpg,false,false,true,false,false,false,false,false,false,false,false,true,
M303796/M303796009.jpg,false,false,true,false,false,false,false,false,false,false,false,true,
M303796/M303796010.jpg,false,false,true,false,false,false,false,false,false,false,false,true,
M303796/M303796011.jpg,false,true,false,,,,,,,,,,
M303796/M303796012.jpg,false,true,false,,,,,,,,,,
M303796/M303796013.jpg,false,true,false,,,,,,,,,,
M303796/M303796014.jpg,false,true,false,,,,,,,,,,
M303796/M303796015.jpg,false,true,false,,,,,,,,,,
M303796/M303796016.jpg,false,true,false,,,,,,,,,,
M303796/M303796017.jpg,false,true,false,,,,,,,,,,
M303796/M303796018.jpg,false,true,false,,,,,,,,,,
M303796/M303796019.jpg,false,true,false,,,,,,,,,,
M303804/M303804001.jpg,false,true,false,,,,,,,,,,
M303804/M303804002.jpg,true,false,false,true,true,false,false,false,false,false,false,false,
M303804/M303804003.jpg,true,false,false,true,false,true,false,false,false,false,false,false,
M303804/M303804004.jpg,true,false,false,false,false,false,false,false,true,false,true,false,
M303804/M303804005.jpg,true,false,false,false,false,false,false,false,true,true,false,false,
M303804/M303804006.jpg,false,false,true,false,false,false,false,false,false,false,false,true,
M303804/M303804007.jpg,true,false,false,true,false,true,false,false,false,false,false,false,
M303804/M303804008.jpg,true,false,false,true,true,false,false,false,false,false,false,false,
M303804/M303804009.jpg,true,false,false,false,false,false,false,false,true,true,false,false,
M303804/M303804010.jpg,true,false,false,false,false,false,false,false,true,false,true,false,
M303804/M303804011.jpg,false,false,true,false,false,false,false,false,false,false,false,true,
M303826/M303826001.jpg,false,true,false,,,,,,,,,,
M303826/M303826002.jpg,true,false,false,true,true,false,false,false,false,false,false,false,
M303826/M303826003.jpg,true,false,false,true,false,true,false,false,false,false,false,false,
M303826/M303826004.jpg,true,false,false,false,false,false,false,false,true,false,true,false,
M303826/M303826005.jpg,true,false,false,false,false,false,false,false,true,true,false,false,
M303826/M303826006.jpg,false,false,true,false,false,false,false,false,false,false,false,true,
M303826/M303826007.jpg,false,false,true,false,false,false,false,false,false,false,false,true,
M303826/M303826008.jpg,false,true,false,,,,,,,,,,
M303826/M303826009.jpg,false,true,false,,,,,,,,,,
M303826/M303826010.jpg,false,true,false,,,,,,,,,,
M303826/M303826011.jpg,false,true,false,,,,,,,,,,
M303826/M303826012.jpg,false,true,false,,,,,,,,,,
M303826/M303826013.jpg,false,true,false,,,,,,,,,,
M303829/M303829001.jpg,true,false,false,false,false,false,false,false,true,true,false,false,
M303829/M303829002.jpg,true,false,false,false,false,false,false,false,true,false,true,false,
M303829/M303829003.jpg,true,false,false,true,true,false,false,false,false,false,false,false,
M303829/M303829004.jpg,true,false,false,true,false,true,false,false,false,false,false,false,
M303829/M303829005.jpg,false,false,true,false,false,false,false,false,false,false,false,true,
M303829/M303829006.jpg,false,false,true,false,false,false,false,false,false,false,false,true,
M303832/M303832001.jpg,false,true,false,,,,,,,,,,
M303832/M303832002.jpg,true,false,false,false,false,false,false,false,true,false,true,false,
M303832/M303832003.jpg,true,false,false,true,false,true,false,false,false,false,false,false,
M303832/M303832004.jpg,true,false,false,true,true,false,false,false,false,false,false,false,
M303832/M303832005.jpg,true,false,false,false,false,false,false,false,true,true,false,false,
M303832/M303832006.jpg,false,false,true,false,false,false,false,false,false,false,false,true,
M303832/M303832007.jpg,false,false,true,false,false,false,false,false,false,false,false,true,
M303832/M303832008.jpg,false,true,false,,,,,,,,,,
M303832/M303832009.jpg,false,true,false,,,,,,,,,,
M303832/M303832010.jpg,false,true,false,,,,,,,,,,
M303832/M303832011.jpg,false,true,false,,,,,,,,,,
M303832/M303832012.jpg,false,true,false,,,,,,,,,,
M303832/M303832013.jpg,false,true,false,,,,,,,,,,
M303847/M303847001.jpg,true,false,false,false,false,false,false,false,true,true,false,false,
M303847/M303847002.jpg,true,false,false,false,false,false,false,false,true,false,true,false,
M303847/M303847003.jpg,true,false,false,true,false,true,false,false,false,false,false,false,
M303847/M303847004.jpg,true,false,false,true,true,false,false,false,false,false,false,false,
M303847/M303847005.jpg,false,true,false,,,,,,,,,,
M303847/M303847006.jpg,true,false,false,true,false,true,false,false,false,false,false,false,
M303847/M303847007.jpg,true,false,false,true,true,false,false,false,false,false,false,false,
M303847/M303847008.jpg,true,false,false,false,false,false,false,false,true,true,false,false,
M303847/M303847009.jpg,true,false,false,false,false,false,false,false,true,false,true,false,
M303847/M303847010.jpg,false,true,false,,,,,,,,,,
M303850/M303850001.jpg,true,false,false,true,true,false,false,false,false,false,false,false,
M303850/M303850002.jpg,true,false,false,false,false,false,false,false,true,true,false,false,
M303850/M303850003.jpg,true,false,false,false,false,false,false,false,true,false,true,false,
M303850/M303850004.jpg,true,false,false,true,false,true,false,false,false,false,false,false,
M303850/M303850005.jpg,false,false,true,false,false,false,false,false,false,false,false,true,
M303854/M303854001.jpg,false,true,false,,,,,,,,,,
M303854/M303854002.jpg,true,false,false,true,false,true,false,false,false,false,false,false,
M303854/M303854003.jpg,true,false,false,true,true,false,false,false,false,false,false,false,
M303854/M303854004.jpg,true,false,false,false,false,false,false,false,true,true,false,false,
M303854/M303854005.jpg,true,false,false,false,false,false,false,false,true,false,true,false,
M303854/M303854006.jpg,true,false,false,false,false,false,false,false,true,false,false,false,
M303854/M303854007.jpg,true,false,false,false,false,false,false,false,true,false,true,false,
M303854/M303854008.jpg,true,false,false,false,false,false,false,false,true,true,false,false,
M303854/M303854009.jpg,false,true,false,,,,,,,,,,
M303854/M303854010.jpg,false,true,false,,,,,,,,,,
M303854/M303854011.jpg,false,true,false,,,,,,,,,,
M303854/M303854012.jpg,false,true,false,,,,,,,,,,
M303854/M303854013.jpg,false,true,false,,,,,,,,,,
M303854/M303854014.jpg,false,true,false,,,,,,,,,,
M303854/M303854015.jpg,false,true,false,,,,,,,,,,
M303854/M303854016.jpg,false,true,false,,,,,,,,,,
M303854/M303854017.jpg,false,true,false,,,,,,,,,,
M303859/M303859001.jpg,true,false,false,true,false,true,false,false,false,false,false,false,
M303859/M303859002.jpg,false,false,true,false,false,false,false,false,false,false,false,true,
M303859/M303859003.jpg,true,false,false,true,true,false,false,false,false,false,false,false,
M303859/M303859004.jpg,true,false,false,false,false,false,false,false,true,true,false,false,
M303859/M303859005.jpg,true,false,false,false,false,false,false,false,true,false,true,false,
M303859/M303859006.jpg,true,false,false,false,false,false,false,false,true,false,false,false,
M303864/M303864001.jpg,true,false,false,false,false,false,false,false,true,false,true,false,
M303864/M303864002.jpg,true,false,false,false,false,false,false,false,true,true,false,false,
M303864/M303864003.jpg,true,false,false,false,false,false,false,false,true,false,false,false,
M303864/M303864004.jpg,true,false,false,false,false,false,false,false,true,false,true,false,
M303864/M303864005.jpg,true,false,false,true,false,true,false,false,false,false,false,false,
M303864/M303864006.jpg,true,false,false,true,true,false,false,false,false,false,false,false,
M303864/M303864007.jpg,,,,,,,,,,,,,
M303864/M303864008.jpg,false,true,false,,,,,,,,,,
M303864/M303864009.jpg,false,true,false,,,,,,,,,,
M303864/M303864010.jpg,false,true,false,,,,,,,,,,
M303864/M303864011.jpg,false,true,false,,,,,,,,,,
M303864/M303864012.jpg,false,true,false,,,,,,,,,,
M303865/M303865001.jpg,true,false,false,true,false,true,false,false,false,false,false,false,
M303865/M303865002.jpg,true,false,false,true,true,false,false,false,false,false,false,false,
M303865/M303865003.jpg,true,false,false,false,false,false,false,false,true,true,false,false,
M303865/M303865004.jpg,true,false,false,false,false,false,false,false,true,false,false,false,
M303865/M303865005.jpg,true,false,false,false,false,false,false,false,true,false,true,false,
M303865/M303865006.jpg,false,false,true,false,false,false,false,false,false,false,false,true,
M303865/M303865007.jpg,false,true,false,,,,,,,,,,
M303865/M303865008.jpg,false,true,false,,,,,,,,,,
M303865/M303865009.jpg,false,true,false,,,,,,,,,,
M303865/M303865010.jpg,false,true,false,,,,,,,,,,
M303865/M303865011.jpg,false,true,false,,,,,,,,,,
M303868/M303868001.jpg,true,false,false,true,true,false,false,false,false,false,false,false,
M303868/M303868002.jpg,true,false,false,true,false,true,false,false,false,false,false,false,
M303868/M303868003.jpg,true,false,false,false,false,false,false,false,true,false,true,false,
M303868/M303868004.jpg,true,false,false,false,false,false,false,false,true,true,false,false,
M303868/M303868005.jpg,true,false,false,false,false,false,false,false,true,false,false,false,
M303868/M303868006.jpg,false,false,true,false,false,false,false,false,false,false,false,true,
M303870/M303870001.jpg,true,false,false,true,false,true,false,false,false,false,false,false,
M303870/M303870002.jpg,true,false,false,,,,,,,,,,
M303870/M303870003.jpg,true,false,false,false,false,false,false,false,true,true,false,false,
M303870/M303870004.jpg,true,false,false,false,false,false,false,false,true,false,true,false,
M303870/M303870005.jpg,false,false,true,false,false,false,false,false,false,false,false,true,
M303870/M303870006.jpg,false,false,true,false,false,false,false,false,false,false,false,true,
M303870/M303870007.jpg,false,false,true,false,false,false,false,false,false,false,false,true,
M303870/M303870008.jpg,false,false,true,false,false,false,false,false,false,false,false,true,
M303870/M303870009.jpg,false,false,true,false,false,false,false,false,false,false,false,true,
M303870/M303870010.jpg,false,true,false,,,,,,,,,,
M303870/M303870011.jpg,false,true,false,,,,,,,,,,
M303870/M303870012.jpg,false,true,false,,,,,,,,,,
M303870/M303870013.jpg,false,true,false,,,,,,,,,,
M303870/M303870014.jpg,false,true,false,,,,,,,,,,
M303870/M303870015.jpg,false,true,false,,,,,,,,,,
M303870/M303870016.jpg,false,true,false,,,,,,,,,,
M303870/M303870017.jpg,false,true,false,,,,,,,,,,
M303884/M303884001.jpg,false,true,false,,,,,,,,,,
M303884/M303884002.jpg,true,false,false,true,true,false,false,false,false,false,false,false,
M303884/M303884003.jpg,true,false,false,true,false,true,false,false,false,false,false,false,
M303884/M303884004.jpg,true,false,false,false,false,false,false,false,true,true,false,false,
M303884/M303884005.jpg,true,false,false,false,false,false,false,false,true,false,true,false,
M303884/M303884006.jpg,false,false,true,false,false,false,false,false,false,false,false,true,
M303884/M303884007.jpg,false,true,false,,,,,,,,,,
M303884/M303884008.jpg,false,true,false,,,,,,,,,,
M303884/M303884009.jpg,false,true,false,,,,,,,,,,
M303884/M303884010.jpg,false,true,false,,,,,,,,,,
M303884/M303884011.jpg,false,true,false,,,,,,,,,,
M303885/M303885001.jpg,false,true,false,,,,,,,,,,
M303885/M303885002.jpg,true,false,false,true,false,true,false,false,false,false,false,false,
M303885/M303885003.jpg,true,false,false,false,false,false,false,false,true,false,true,false,
M303885/M303885004.jpg,true,false,false,false,false,false,false,false,true,false,true,false,
M303885/M303885005.jpg,true,false,false,false,false,false,false,false,true,true,false,false,
M303885/M303885006.jpg,false,true,false,,,,,,,,,,
M303885/M303885007.jpg,true,false,false,true,true,false,false,false,false,false,false,false,
M303885/M303885008.jpg,false,false,true,false,false,false,false,false,false,false,false,true,
M303885/M303885009.jpg,false,true,false,,,,,,,,,,
M303885/M303885010.jpg,false,true,false,,,,,,,,,,
M303885/M303885011.jpg,false,true,false,,,,,,,,,,
M303885/M303885012.jpg,false,true,false,,,,,,,,,,
M303887/M303887001.jpg,false,true,false,,,,,,,,,,
M303887/M303887002.jpg,true,false,false,false,false,false,false,false,true,true,false,false,
M303887/M303887003.jpg,true,false,false,false,false,false,false,false,true,false,true,false,
M303887/M303887004.jpg,true,false,false,false,false,false,false,false,true,false,true,false,
M303887/M303887005.jpg,false,false,true,false,false,false,false,false,false,false,false,true,
M303889/M303889001.jpg,true,false,false,true,true,false,false,false,false,false,false,false,
M303889/M303889002.jpg,true,false,false,true,false,true,false,false,false,false,false,false,
M303889/M303889003.jpg,true,false,false,false,false,false,false,false,true,false,true,false,
M303889/M303889004.jpg,true,false,false,false,false,false,false,false,true,false,false,false,
M303889/M303889005.jpg,true,false,false,false,false,false,false,false,true,true,false,false,
M303889/M303889006.jpg,false,false,true,false,false,false,false,false,false,false,false,true,
M303890/M303890001.jpg,true,false,false,true,false,true,false,false,false,false,false,false,
M303890/M303890002.jpg,true,false,false,,,,,,,,,,
M303890/M303890003.jpg,true,false,false,false,false,false,false,false,true,true,false,false,
M303890/M303890004.jpg,true,false,false,true,true,false,false,false,false,false,false,false,
M303890/M303890005.jpg,false,false,true,false,false,false,false,false,false,false,false,true,
M303890/M303890006.jpg,false,false,true,false,false,false,false,false,false,false,false,true,
M303890/M303890007.jpg,true,false,false,false,false,false,false,false,true,false,false,false,
M303890/M303890008.jpg,false,true,false,true,false,true,false,false,false,false,false,false,
M303890/M303890009.jpg,false,true,false,true,false,true,false,false,false,false,false,false,
M303890/M303890010.jpg,false,true,false,false,false,false,false,false,true,true,false,false,
M303890/M303890011.jpg,false,true,false,false,false,false,false,false,true,false,true,false,
M303890/M303890012.jpg,false,false,true,false,false,false,false,false,false,false,false,true,
M303890/M303890013.jpg,false,true,false,,,,,,,,,,
M303894/M303894001.jpg,true,false,false,false,false,false,false,false,true,true,false,false,
M303894/M303894002.jpg,true,false,false,false,false,false,false,false,true,false,true,false,
M303894/M303894003.jpg,true,false,false,true,false,true,false,false,false,false,false,false,
M303894/M303894004.jpg,true,false,false,true,true,false,false,false,false,false,false,false,
M303894/M303894005.jpg,false,false,true,false,false,false,false,false,false,false,false,true,
M303894/M303894006.jpg,false,false,true,false,false,false,false,false,false,false,false,true,
M303894/M303894007.jpg,false,false,true,false,false,false,false,false,false,false,false,true,
M303897/M303897001.jpg,true,false,false,true,false,true,false,false,false,false,false,false,
M303897/M303897002.jpg,true,false,false,true,true,false,false,false,false,false,false,false,
M303897/M303897003.jpg,true,false,false,false,false,false,false,false,true,false,true,false,
M303897/M303897004.jpg,true,false,false,false,false,false,false,false,true,true,false,false,
M303897/M303897005.jpg,false,false,true,false,false,false,false,false,false,false,false,true,
M303897/M303897006.jpg,false,false,true,false,false,false,false,false,false,false,false,true,
M303897/M303897007.jpg,false,false,true,false,false,false,false,false,false,false,false,true,
M303897/M303897008.jpg,false,false,true,false,false,false,false,false,false,false,false,true,
M303898/M303898001.jpg,false,true,false,,,,,,,,,,
M303898/M303898002.jpg,true,false,false,false,false,false,false,false,true,true,false,false,
M303898/M303898003.jpg,true,false,false,false,false,false,false,false,true,false,true,false,
M303898/M303898004.jpg,true,false,false,true,false,true,false,false,false,false,false,false,
M303898/M303898005.jpg,true,false,false,true,true,false,false,false,false,false,false,false,
M303898/M303898006.jpg,false,false,true,false,false,false,false,false,false,false,false,true,
M303898/M303898007.jpg,false,true,false,,,,,,,,,,
M303898/M303898008.jpg,false,true,false,,,,,,,,,,
M303898/M303898009.jpg,false,true,false,,,,,,,,,,
M303898/M303898010.jpg,false,true,false,,,,,,,,,,
M303898/M303898011.jpg,false,true,false,,,,,,,,,,
M303910/M303910001.jpg,true,false,false,false,false,false,false,false,true,false,true,false,
M303910/M303910002.jpg,true,false,false,false,false,false,false,false,true,true,false,false,
M303910/M303910003.jpg,true,false,false,true,true,false,false,false,false,false,false,false,
M303910/M303910004.jpg,true,false,false,true,false,true,false,false,false,false,false,false,
M303910/M303910005.jpg,false,false,true,false,false,false,false,false,false,false,false,true,
M303910/M303910006.jpg,false,true,false,,,,,,,,,,
M303910/M303910007.jpg,false,false,true,false,false,false,false,false,false,false,false,true,
M303910/M303910008.jpg,false,true,false,,,,,,,,,,
M303918/M303918001.jpg,true,false,false,false,false,false,false,false,true,false,true,false,
M303918/M303918002.jpg,true,false,false,false,false,false,false,false,true,true,false,false,
M303918/M303918003.jpg,true,false,false,true,true,false,false,false,false,false,false,false,
M303918/M303918004.jpg,false,true,false,,,,,,,,,,
M303918/M303918005.jpg,false,false,true,false,false,false,false,false,false,false,false,true,
M303918/M303918006.jpg,false,false,true,false,false,false,false,false,false,false,false,true,
M303918/M303918007.jpg,false,true,false,,,,,,,,,,
M303918/M303918008.jpg,true,false,false,false,false,false,false,false,true,false,true,false,
M303918/M303918009.jpg,false,true,false,,,,,,,,,,
M303918/M303918010.jpg,true,false,false,true,false,true,false,false,false,false,false,false,
M303918/M303918011.jpg,false,true,false,,,,,,,,,,
M303918/M303918012.jpg,false,true,false,,,,,,,,,,
M303918/M303918013.jpg,false,true,false,,,,,,,,,,
M303918/M303918014.jpg,true,false,false,true,false,true,false,false,false,false,false,false,
M303918/M303918015.jpg,false,true,false,,,,,,,,,,
M303918/M303918016.jpg,false,true,false,,,,,,,,,,
M303918/M303918017.jpg,false,true,false,,,,,,,,,,
M303921/M303921001.jpg,,,,,,,,,,,,,
M303921/M303921002.jpg,true,false,false,true,true,false,false,false,false,false,false,false,
M303921/M303921003.jpg,true,false,false,false,false,false,false,false,true,true,false,false,
M303921/M303921004.jpg,true,false,false,false,false,false,false,false,true,false,true,false,
M303921/M303921005.jpg,true,false,false,true,false,true,false,false,false,false,false,false,
M303921/M303921006.jpg,false,false,true,false,false,false,false,false,false,false,false,true,
M303921/M303921007.jpg,false,false,true,false,false,false,false,false,false,false,false,true,
M303926/M303926001.jpg,false,true,false,,,,,,,,,,
M303926/M303926002.jpg,true,false,false,true,true,false,false,false,false,false,false,false,
M303926/M303926003.jpg,true,false,false,false,false,false,false,false,true,true,false,false,
M303926/M303926004.jpg,true,false,false,false,false,false,false,false,true,false,true,false,
M303926/M303926005.jpg,true,false,false,true,false,true,false,false,false,false,false,false,
M303926/M303926006.jpg,false,false,true,false,false,false,false,false,false,false,false,true,
M303926/M303926007.jpg,false,true,false,,,,,,,,,,
M303926/M303926008.jpg,false,true,false,,,,,,,,,,
M303926/M303926009.jpg,false,true,false,,,,,,,,,,
M303926/M303926010.jpg,false,true,false,,,,,,,,,,
M303926/M303926011.jpg,false,true,false,,,,,,,,,,
M303929/M303929001.jpg,true,false,false,true,true,false,false,false,false,false,false,false,
M303929/M303929002.jpg,true,false,false,true,false,true,false,false,false,false,false,false,
M303929/M303929003.jpg,true,false,false,false,false,false,false,false,true,false,true,false,
M303929/M303929004.jpg,true,false,false,false,false,false,false,false,true,true,false,false,
M303929/M303929005.jpg,true,false,false,true,false,false,false,false,false,false,false,false,
M303929/M303929006.jpg,false,false,true,false,false,false,false,false,false,false,false,true,
M303929/M303929007.jpg,false,false,true,false,false,false,false,false,false,false,false,true,
M303929/M303929008.jpg,false,true,false,,,,,,,,,,
M303929/M303929009.jpg,false,true,false,,,,,,,,,,
M303929/M303929010.jpg,false,true,false,,,,,,,,,,
M303929/M303929011.jpg,false,true,false,,,,,,,,,,
M303929/M303929012.jpg,false,true,false,,,,,,,,,,
M303929/M303929013.jpg,false,true,false,,,,,,,,,,
M303937/M303937001.jpg,false,true,false,,,,,,,,,,
M303937/M303937002.jpg,true,false,false,false,false,false,false,false,true,true,false,false,
M303937/M303937003.jpg,true,false,false,false,false,false,false,false,true,false,true,false,
M303937/M303937004.jpg,true,false,false,true,false,true,false,false,false,false,false,false,
M303937/M303937005.jpg,true,false,false,true,true,false,false,false,false,false,false,false,
M303937/M303937006.jpg,true,false,false,true,true,false,false,false,false,false,false,false,
M303937/M303937007.jpg,true,false,false,true,false,true,false,false,false,false,false,false,
M303937/M303937008.jpg,true,false,false,false,false,false,false,false,true,false,true,false,
M303937/M303937009.jpg,false,false,true,false,false,false,false,false,false,false,false,true,
M303938/M303938001.jpg,true,false,false,true,true,false,false,false,false,false,false,false,
M303938/M303938002.jpg,true,false,false,true,false,true,false,false,false,false,false,false,
M303938/M303938003.jpg,true,false,false,false,false,false,false,false,true,false,true,false,
M303938/M303938004.jpg,true,false,false,false,false,false,false,false,true,true,false,false,
M303938/M303938005.jpg,false,false,true,false,false,false,false,false,false,false,false,true,
M303938/M303938006.jpg,false,false,true,false,false,false,false,false,false,false,false,true,
M303938/M303938007.jpg,false,false,true,false,false,false,false,false,false,false,false,true,
M303939/M303939001.jpg,false,true,false,,,,,,,,,,
M303939/M303939002.jpg,true,false,false,false,false,false,false,false,true,false,true,false,
M303939/M303939003.jpg,true,false,false,false,false,false,false,false,true,true,false,false,
M303939/M303939004.jpg,true,false,false,true,true,false,false,false,false,false,false,false,
M303939/M303939005.jpg,true,false,false,true,false,false,false,false,false,false,false,false,
M303939/M303939006.jpg,true,false,false,true,false,true,false,false,false,false,false,false,
M303939/M303939007.jpg,false,false,true,false,false,false,false,false,false,false,false,true,
M303939/M303939008.jpg,false,false,true,false,false,false,false,false,false,false,false,true,
M303939/M303939009.jpg,false,true,false,,,,,,,,,,
M303939/M303939010.jpg,false,true,false,,,,,,,,,,
M303939/M303939011.jpg,false,true,false,,,,,,,,,,
M303939/M303939012.jpg,false,true,false,,,,,,,,,,
M303939/M303939013.jpg,false,true,false,,,,,,,,,,
M303939/M303939014.jpg,false,true,false,,,,,,,,,,
M303939/M303939015.jpg,false,true,false,,,,,,,,,,
M303939/M303939016.jpg,false,true,false,,,,,,,,,,
M303940/M303940001.jpg,,,,,,,,,,,,,
M303940/M303940002.jpg,false,true,false,,,,,,,,,,
